birth_order,birth_sex,mother_age,birth_count,country
1胎,女,15～19歲,19,基隆市
1胎,女,20～24歲,72,基隆市
1胎,女,25～29歲,166,基隆市
1胎,女,30～34歲,189,基隆市
1胎,女,35～39歲,102,基隆市
1胎,女,40～44歲,18,基隆市
1胎,女,45～49歲,0,基隆市
1胎,女,50歲以上,0,基隆市
1胎,女,未滿15歲,0,基隆市
1胎,男,15～19歲,23,基隆市
1胎,男,20～24歲,88,基隆市
1胎,男,25～29歲,184,基隆市
1胎,男,30～34歲,195,基隆市
1胎,男,35～39歲,124,基隆市
1胎,男,40～44歲,13,基隆市
1胎,男,45～49歲,0,基隆市
1胎,男,50歲以上,0,基隆市
1胎,男,未滿15歲,0,基隆市
2胎,女,15～19歲,3,基隆市
2胎,女,20～24歲,34,基隆市
2胎,女,25～29歲,78,基隆市
2胎,女,30～34歲,122,基隆市
2胎,女,35～39歲,108,基隆市
2胎,女,40～44歲,10,基隆市
2胎,女,45～49歲,1,基隆市
2胎,女,50歲以上,0,基隆市
2胎,女,未滿15歲,0,基隆市
2胎,男,15～19歲,7,基隆市
2胎,男,20～24歲,27,基隆市
2胎,男,25～29歲,91,基隆市
2胎,男,30～34歲,122,基隆市
2胎,男,35～39歲,124,基隆市
2胎,男,40～44歲,23,基隆市
2胎,男,45～49歲,2,基隆市
2胎,男,50歲以上,0,基隆市
2胎,男,未滿15歲,0,基隆市
3胎,女,15～19歲,0,基隆市
3胎,女,20～24歲,6,基隆市
3胎,女,25～29歲,20,基隆市
3胎,女,30～34歲,27,基隆市
3胎,女,35～39歲,25,基隆市
3胎,女,40～44歲,11,基隆市
3胎,女,45～49歲,0,基隆市
3胎,女,50歲以上,0,基隆市
3胎,女,未滿15歲,0,基隆市
3胎,男,15～19歲,1,基隆市
3胎,男,20～24歲,1,基隆市
3胎,男,25～29歲,11,基隆市
3胎,男,30～34歲,35,基隆市
3胎,男,35～39歲,27,基隆市
3胎,男,40～44歲,6,基隆市
3胎,男,45～49歲,0,基隆市
3胎,男,50歲以上,0,基隆市
3胎,男,未滿15歲,0,基隆市
4胎,女,15～19歲,0,基隆市
4胎,女,20～24歲,2,基隆市
4胎,女,25～29歲,4,基隆市
4胎,女,30～34歲,6,基隆市
4胎,女,35～39歲,8,基隆市
4胎,女,40～44歲,3,基隆市
4胎,女,45～49歲,0,基隆市
4胎,女,50歲以上,0,基隆市
4胎,女,未滿15歲,0,基隆市
4胎,男,15～19歲,0,基隆市
4胎,男,20～24歲,1,基隆市
4胎,男,25～29歲,3,基隆市
4胎,男,30～34歲,12,基隆市
4胎,男,35～39歲,6,基隆市
4胎,男,40～44歲,2,基隆市
4胎,男,45～49歲,0,基隆市
4胎,男,50歲以上,0,基隆市
4胎,男,未滿15歲,0,基隆市
5胎,女,15～19歲,0,基隆市
5胎,女,20～24歲,0,基隆市
5胎,女,25～29歲,1,基隆市
5胎,女,30～34歲,1,基隆市
5胎,女,35～39歲,4,基隆市
5胎,女,40～44歲,1,基隆市
5胎,女,45～49歲,0,基隆市
5胎,女,50歲以上,0,基隆市
5胎,女,未滿15歲,0,基隆市
5胎,男,15～19歲,0,基隆市
5胎,男,20～24歲,0,基隆市
5胎,男,25～29歲,0,基隆市
5胎,男,30～34歲,0,基隆市
5胎,男,35～39歲,3,基隆市
5胎,男,40～44歲,2,基隆市
5胎,男,45～49歲,0,基隆市
5胎,男,50歲以上,0,基隆市
5胎,男,未滿15歲,0,基隆市
6胎,女,15～19歲,0,基隆市
6胎,女,20～24歲,0,基隆市
6胎,女,25～29歲,0,基隆市
6胎,女,30～34歲,0,基隆市
6胎,女,35～39歲,1,基隆市
6胎,女,40～44歲,0,基隆市
6胎,女,45～49歲,0,基隆市
6胎,女,50歲以上,0,基隆市
6胎,女,未滿15歲,0,基隆市
6胎,男,15～19歲,0,基隆市
6胎,男,20～24歲,0,基隆市
6胎,男,25～29歲,0,基隆市
6胎,男,30～34歲,1,基隆市
6胎,男,35～39歲,0,基隆市
6胎,男,40～44歲,1,基隆市
6胎,男,45～49歲,0,基隆市
6胎,男,50歲以上,0,基隆市
6胎,男,未滿15歲,0,基隆市
7胎,女,15～19歲,0,基隆市
7胎,女,20～24歲,0,基隆市
7胎,女,25～29歲,0,基隆市
7胎,女,30～34歲,0,基隆市
7胎,女,35～39歲,0,基隆市
7胎,女,40～44歲,0,基隆市
7胎,女,45～49歲,0,基隆市
7胎,女,50歲以上,0,基隆市
7胎,女,未滿15歲,0,基隆市
7胎,男,15～19歲,0,基隆市
7胎,男,20～24歲,0,基隆市
7胎,男,25～29歲,0,基隆市
7胎,男,30～34歲,0,基隆市
7胎,男,35～39歲,0,基隆市
7胎,男,40～44歲,0,基隆市
7胎,男,45～49歲,0,基隆市
7胎,男,50歲以上,0,基隆市
7胎,男,未滿15歲,0,基隆市
8胎,女,15～19歲,0,基隆市
8胎,女,20～24歲,0,基隆市
8胎,女,25～29歲,0,基隆市
8胎,女,30～34歲,0,基隆市
8胎,女,35～39歲,0,基隆市
8胎,女,40～44歲,0,基隆市
8胎,女,45～49歲,0,基隆市
8胎,女,50歲以上,0,基隆市
8胎,女,未滿15歲,0,基隆市
8胎,男,15～19歲,0,基隆市
8胎,男,20～24歲,0,基隆市
8胎,男,25～29歲,0,基隆市
8胎,男,30～34歲,1,基隆市
8胎,男,35～39歲,0,基隆市
8胎,男,40～44歲,1,基隆市
8胎,男,45～49歲,0,基隆市
8胎,男,50歲以上,0,基隆市
8胎,男,未滿15歲,0,基隆市
9胎以上,女,15～19歲,0,基隆市
9胎以上,女,20～24歲,0,基隆市
9胎以上,女,25～29歲,0,基隆市
9胎以上,女,30～34歲,0,基隆市
9胎以上,女,35～39歲,0,基隆市
9胎以上,女,40～44歲,0,基隆市
9胎以上,女,45～49歲,0,基隆市
9胎以上,女,50歲以上,0,基隆市
9胎以上,女,未滿15歲,0,基隆市
9胎以上,男,15～19歲,0,基隆市
9胎以上,男,20～24歲,0,基隆市
9胎以上,男,25～29歲,0,基隆市
9胎以上,男,30～34歲,0,基隆市
9胎以上,男,35～39歲,1,基隆市
9胎以上,男,40～44歲,0,基隆市
9胎以上,男,45～49歲,0,基隆市
9胎以上,男,50歲以上,0,基隆市
9胎以上,男,未滿15歲,0,基隆市
1胎,女,15～19歲,29,臺北市
1胎,女,20～24歲,291,臺北市
1胎,女,25～29歲,1118,臺北市
1胎,女,30～34歲,2488,臺北市
1胎,女,35～39歲,1624,臺北市
1胎,女,40～44歲,298,臺北市
1胎,女,45～49歲,15,臺北市
1胎,女,50歲以上,1,臺北市
1胎,女,未滿15歲,1,臺北市
1胎,男,15～19歲,30,臺北市
1胎,男,20～24歲,314,臺北市
1胎,男,25～29歲,1174,臺北市
1胎,男,30～34歲,2774,臺北市
1胎,男,35～39歲,1663,臺北市
1胎,男,40～44歲,272,臺北市
1胎,男,45～49歲,27,臺北市
1胎,男,50歲以上,2,臺北市
1胎,男,未滿15歲,1,臺北市
2胎,女,15～19歲,6,臺北市
2胎,女,20～24歲,78,臺北市
2胎,女,25～29歲,461,臺北市
2胎,女,30～34歲,1621,臺北市
2胎,女,35～39歲,1770,臺北市
2胎,女,40～44歲,351,臺北市
2胎,女,45～49歲,13,臺北市
2胎,女,50歲以上,1,臺北市
2胎,女,未滿15歲,0,臺北市
2胎,男,15～19歲,9,臺北市
2胎,男,20～24歲,102,臺北市
2胎,男,25～29歲,527,臺北市
2胎,男,30～34歲,1723,臺北市
2胎,男,35～39歲,1868,臺北市
2胎,男,40～44歲,324,臺北市
2胎,男,45～49歲,13,臺北市
2胎,男,50歲以上,2,臺北市
2胎,男,未滿15歲,0,臺北市
3胎,女,15～19歲,0,臺北市
3胎,女,20～24歲,9,臺北市
3胎,女,25～29歲,60,臺北市
3胎,女,30～34歲,226,臺北市
3胎,女,35～39歲,343,臺北市
3胎,女,40～44歲,117,臺北市
3胎,女,45～49歲,9,臺北市
3胎,女,50歲以上,0,臺北市
3胎,女,未滿15歲,0,臺北市
3胎,男,15～19歲,0,臺北市
3胎,男,20～24歲,9,臺北市
3胎,男,25～29歲,79,臺北市
3胎,男,30～34歲,245,臺北市
3胎,男,35～39歲,374,臺北市
3胎,男,40～44歲,114,臺北市
3胎,男,45～49歲,11,臺北市
3胎,男,50歲以上,0,臺北市
3胎,男,未滿15歲,0,臺北市
4胎,女,15～19歲,0,臺北市
4胎,女,20～24歲,0,臺北市
4胎,女,25～29歲,10,臺北市
4胎,女,30～34歲,33,臺北市
4胎,女,35～39歲,52,臺北市
4胎,女,40～44歲,16,臺北市
4胎,女,45～49歲,2,臺北市
4胎,女,50歲以上,0,臺北市
4胎,女,未滿15歲,0,臺北市
4胎,男,15～19歲,0,臺北市
4胎,男,20～24歲,0,臺北市
4胎,男,25～29歲,10,臺北市
4胎,男,30～34歲,17,臺北市
4胎,男,35～39歲,45,臺北市
4胎,男,40～44歲,24,臺北市
4胎,男,45～49歲,1,臺北市
4胎,男,50歲以上,0,臺北市
4胎,男,未滿15歲,0,臺北市
5胎,女,15～19歲,0,臺北市
5胎,女,20～24歲,0,臺北市
5胎,女,25～29歲,3,臺北市
5胎,女,30～34歲,7,臺北市
5胎,女,35～39歲,11,臺北市
5胎,女,40～44歲,0,臺北市
5胎,女,45～49歲,0,臺北市
5胎,女,50歲以上,0,臺北市
5胎,女,未滿15歲,0,臺北市
5胎,男,15～19歲,0,臺北市
5胎,男,20～24歲,0,臺北市
5胎,男,25～29歲,2,臺北市
5胎,男,30～34歲,7,臺北市
5胎,男,35～39歲,8,臺北市
5胎,男,40～44歲,5,臺北市
5胎,男,45～49歲,0,臺北市
5胎,男,50歲以上,0,臺北市
5胎,男,未滿15歲,0,臺北市
6胎,女,15～19歲,0,臺北市
6胎,女,20～24歲,0,臺北市
6胎,女,25～29歲,0,臺北市
6胎,女,30～34歲,1,臺北市
6胎,女,35～39歲,0,臺北市
6胎,女,40～44歲,1,臺北市
6胎,女,45～49歲,0,臺北市
6胎,女,50歲以上,0,臺北市
6胎,女,未滿15歲,0,臺北市
6胎,男,15～19歲,0,臺北市
6胎,男,20～24歲,0,臺北市
6胎,男,25～29歲,1,臺北市
6胎,男,30～34歲,2,臺北市
6胎,男,35～39歲,1,臺北市
6胎,男,40～44歲,0,臺北市
6胎,男,45～49歲,0,臺北市
6胎,男,50歲以上,0,臺北市
6胎,男,未滿15歲,0,臺北市
7胎,女,15～19歲,0,臺北市
7胎,女,20～24歲,0,臺北市
7胎,女,25～29歲,0,臺北市
7胎,女,30～34歲,0,臺北市
7胎,女,35～39歲,1,臺北市
7胎,女,40～44歲,1,臺北市
7胎,女,45～49歲,0,臺北市
7胎,女,50歲以上,0,臺北市
7胎,女,未滿15歲,0,臺北市
7胎,男,15～19歲,0,臺北市
7胎,男,20～24歲,0,臺北市
7胎,男,25～29歲,0,臺北市
7胎,男,30～34歲,0,臺北市
7胎,男,35～39歲,1,臺北市
7胎,男,40～44歲,0,臺北市
7胎,男,45～49歲,0,臺北市
7胎,男,50歲以上,0,臺北市
7胎,男,未滿15歲,0,臺北市
8胎,女,15～19歲,0,臺北市
8胎,女,20～24歲,0,臺北市
8胎,女,25～29歲,0,臺北市
8胎,女,30～34歲,0,臺北市
8胎,女,35～39歲,0,臺北市
8胎,女,40～44歲,0,臺北市
8胎,女,45～49歲,0,臺北市
8胎,女,50歲以上,0,臺北市
8胎,女,未滿15歲,0,臺北市
8胎,男,15～19歲,0,臺北市
8胎,男,20～24歲,0,臺北市
8胎,男,25～29歲,0,臺北市
8胎,男,30～34歲,0,臺北市
8胎,男,35～39歲,0,臺北市
8胎,男,40～44歲,0,臺北市
8胎,男,45～49歲,0,臺北市
8胎,男,50歲以上,0,臺北市
8胎,男,未滿15歲,0,臺北市
9胎以上,女,15～19歲,0,臺北市
9胎以上,女,20～24歲,0,臺北市
9胎以上,女,25～29歲,0,臺北市
9胎以上,女,30～34歲,0,臺北市
9胎以上,女,35～39歲,0,臺北市
9胎以上,女,40～44歲,0,臺北市
9胎以上,女,45～49歲,0,臺北市
9胎以上,女,50歲以上,0,臺北市
9胎以上,女,未滿15歲,0,臺北市
9胎以上,男,15～19歲,0,臺北市
9胎以上,男,20～24歲,0,臺北市
9胎以上,男,25～29歲,0,臺北市
9胎以上,男,30～34歲,0,臺北市
9胎以上,男,35～39歲,0,臺北市
9胎以上,男,40～44歲,0,臺北市
9胎以上,男,45～49歲,0,臺北市
9胎以上,男,50歲以上,0,臺北市
9胎以上,男,未滿15歲,0,臺北市
1胎,女,15～19歲,122,新北市
1胎,女,20～24歲,760,新北市
1胎,女,25～29歲,2034,新北市
1胎,女,30～34歲,2756,新北市
1胎,女,35～39歲,1579,新北市
1胎,女,40～44歲,303,新北市
1胎,女,45～49歲,17,新北市
1胎,女,50歲以上,0,新北市
1胎,女,未滿15歲,3,新北市
1胎,男,15～19歲,140,新北市
1胎,男,20～24歲,806,新北市
1胎,男,25～29歲,1997,新北市
1胎,男,30～34歲,2933,新北市
1胎,男,35～39歲,1685,新北市
1胎,男,40～44歲,307,新北市
1胎,男,45～49歲,18,新北市
1胎,男,50歲以上,4,新北市
1胎,男,未滿15歲,2,新北市
2胎,女,15～19歲,17,新北市
2胎,女,20～24歲,257,新北市
2胎,女,25～29歲,891,新北市
2胎,女,30～34歲,1923,新北市
2胎,女,35～39歲,1633,新北市
2胎,女,40～44歲,301,新北市
2胎,女,45～49歲,10,新北市
2胎,女,50歲以上,1,新北市
2胎,女,未滿15歲,0,新北市
2胎,男,15～19歲,15,新北市
2胎,男,20～24歲,266,新北市
2胎,男,25～29歲,928,新北市
2胎,男,30～34歲,2099,新北市
2胎,男,35～39歲,1863,新北市
2胎,男,40～44歲,299,新北市
2胎,男,45～49歲,16,新北市
2胎,男,50歲以上,0,新北市
2胎,男,未滿15歲,0,新北市
3胎,女,15～19歲,0,新北市
3胎,女,20～24歲,39,新北市
3胎,女,25～29歲,151,新北市
3胎,女,30～34歲,341,新北市
3胎,女,35～39歲,415,新北市
3胎,女,40～44歲,143,新北市
3胎,女,45～49歲,5,新北市
3胎,女,50歲以上,0,新北市
3胎,女,未滿15歲,0,新北市
3胎,男,15～19歲,0,新北市
3胎,男,20～24歲,50,新北市
3胎,男,25～29歲,186,新北市
3胎,男,30～34歲,395,新北市
3胎,男,35～39歲,475,新北市
3胎,男,40～44歲,143,新北市
3胎,男,45～49歲,4,新北市
3胎,男,50歲以上,0,新北市
3胎,男,未滿15歲,0,新北市
4胎,女,15～19歲,0,新北市
4胎,女,20～24歲,10,新北市
4胎,女,25～29歲,24,新北市
4胎,女,30～34歲,75,新北市
4胎,女,35～39歲,77,新北市
4胎,女,40～44歲,28,新北市
4胎,女,45～49歲,3,新北市
4胎,女,50歲以上,1,新北市
4胎,女,未滿15歲,0,新北市
4胎,男,15～19歲,0,新北市
4胎,男,20～24歲,8,新北市
4胎,男,25～29歲,29,新北市
4胎,男,30～34歲,58,新北市
4胎,男,35～39歲,97,新北市
4胎,男,40～44歲,27,新北市
4胎,男,45～49歲,1,新北市
4胎,男,50歲以上,1,新北市
4胎,男,未滿15歲,0,新北市
5胎,女,15～19歲,0,新北市
5胎,女,20～24歲,1,新北市
5胎,女,25～29歲,9,新北市
5胎,女,30～34歲,7,新北市
5胎,女,35～39歲,17,新北市
5胎,女,40～44歲,4,新北市
5胎,女,45～49歲,1,新北市
5胎,女,50歲以上,0,新北市
5胎,女,未滿15歲,0,新北市
5胎,男,15～19歲,0,新北市
5胎,男,20～24歲,2,新北市
5胎,男,25～29歲,9,新北市
5胎,男,30～34歲,24,新北市
5胎,男,35～39歲,12,新北市
5胎,男,40～44歲,18,新北市
5胎,男,45～49歲,1,新北市
5胎,男,50歲以上,0,新北市
5胎,男,未滿15歲,0,新北市
6胎,女,15～19歲,0,新北市
6胎,女,20～24歲,0,新北市
6胎,女,25～29歲,4,新北市
6胎,女,30～34歲,0,新北市
6胎,女,35～39歲,10,新北市
6胎,女,40～44歲,3,新北市
6胎,女,45～49歲,0,新北市
6胎,女,50歲以上,0,新北市
6胎,女,未滿15歲,0,新北市
6胎,男,15～19歲,0,新北市
6胎,男,20～24歲,0,新北市
6胎,男,25～29歲,3,新北市
6胎,男,30～34歲,7,新北市
6胎,男,35～39歲,7,新北市
6胎,男,40～44歲,4,新北市
6胎,男,45～49歲,0,新北市
6胎,男,50歲以上,0,新北市
6胎,男,未滿15歲,0,新北市
7胎,女,15～19歲,0,新北市
7胎,女,20～24歲,0,新北市
7胎,女,25～29歲,0,新北市
7胎,女,30～34歲,2,新北市
7胎,女,35～39歲,0,新北市
7胎,女,40～44歲,0,新北市
7胎,女,45～49歲,0,新北市
7胎,女,50歲以上,0,新北市
7胎,女,未滿15歲,0,新北市
7胎,男,15～19歲,0,新北市
7胎,男,20～24歲,0,新北市
7胎,男,25～29歲,1,新北市
7胎,男,30～34歲,1,新北市
7胎,男,35～39歲,5,新北市
7胎,男,40～44歲,0,新北市
7胎,男,45～49歲,0,新北市
7胎,男,50歲以上,0,新北市
7胎,男,未滿15歲,0,新北市
8胎,女,15～19歲,0,新北市
8胎,女,20～24歲,0,新北市
8胎,女,25～29歲,0,新北市
8胎,女,30～34歲,0,新北市
8胎,女,35～39歲,0,新北市
8胎,女,40～44歲,0,新北市
8胎,女,45～49歲,0,新北市
8胎,女,50歲以上,0,新北市
8胎,女,未滿15歲,0,新北市
8胎,男,15～19歲,0,新北市
8胎,男,20～24歲,0,新北市
8胎,男,25～29歲,0,新北市
8胎,男,30～34歲,0,新北市
8胎,男,35～39歲,2,新北市
8胎,男,40～44歲,0,新北市
8胎,男,45～49歲,0,新北市
8胎,男,50歲以上,0,新北市
8胎,男,未滿15歲,0,新北市
9胎以上,女,15～19歲,0,新北市
9胎以上,女,20～24歲,0,新北市
9胎以上,女,25～29歲,0,新北市
9胎以上,女,30～34歲,0,新北市
9胎以上,女,35～39歲,0,新北市
9胎以上,女,40～44歲,0,新北市
9胎以上,女,45～49歲,0,新北市
9胎以上,女,50歲以上,0,新北市
9胎以上,女,未滿15歲,0,新北市
9胎以上,男,15～19歲,0,新北市
9胎以上,男,20～24歲,0,新北市
9胎以上,男,25～29歲,0,新北市
9胎以上,男,30～34歲,1,新北市
9胎以上,男,35～39歲,1,新北市
9胎以上,男,40～44歲,0,新北市
9胎以上,男,45～49歲,0,新北市
9胎以上,男,50歲以上,0,新北市
9胎以上,男,未滿15歲,0,新北市
1胎,女,15～19歲,124,桃園市
1胎,女,20～24歲,660,桃園市
1胎,女,25～29歲,1740,桃園市
1胎,女,30～34歲,2034,桃園市
1胎,女,35～39歲,940,桃園市
1胎,女,40～44歲,136,桃園市
1胎,女,45～49歲,5,桃園市
1胎,女,50歲以上,0,桃園市
1胎,女,未滿15歲,2,桃園市
1胎,男,15～19歲,140,桃園市
1胎,男,20～24歲,681,桃園市
1胎,男,25～29歲,1862,桃園市
1胎,男,30～34歲,2130,桃園市
1胎,男,35～39歲,960,桃園市
1胎,男,40～44歲,154,桃園市
1胎,男,45～49歲,6,桃園市
1胎,男,50歲以上,0,桃園市
1胎,男,未滿15歲,2,桃園市
2胎,女,15～19歲,24,桃園市
2胎,女,20～24歲,240,桃園市
2胎,女,25～29歲,865,桃園市
2胎,女,30～34歲,1577,桃園市
2胎,女,35～39歲,1074,桃園市
2胎,女,40～44歲,170,桃園市
2胎,女,45～49歲,6,桃園市
2胎,女,50歲以上,0,桃園市
2胎,女,未滿15歲,0,桃園市
2胎,男,15～19歲,27,桃園市
2胎,男,20～24歲,302,桃園市
2胎,男,25～29歲,927,桃園市
2胎,男,30～34歲,1706,桃園市
2胎,男,35～39歲,1197,桃園市
2胎,男,40～44歲,198,桃園市
2胎,男,45～49歲,4,桃園市
2胎,男,50歲以上,1,桃園市
2胎,男,未滿15歲,0,桃園市
3胎,女,15～19歲,3,桃園市
3胎,女,20～24歲,47,桃園市
3胎,女,25～29歲,134,桃園市
3胎,女,30～34歲,349,桃園市
3胎,女,35～39歲,346,桃園市
3胎,女,40～44歲,87,桃園市
3胎,女,45～49歲,3,桃園市
3胎,女,50歲以上,0,桃園市
3胎,女,未滿15歲,0,桃園市
3胎,男,15～19歲,4,桃園市
3胎,男,20～24歲,51,桃園市
3胎,男,25～29歲,180,桃園市
3胎,男,30～34歲,362,桃園市
3胎,男,35～39歲,406,桃園市
3胎,男,40～44歲,99,桃園市
3胎,男,45～49歲,4,桃園市
3胎,男,50歲以上,0,桃園市
3胎,男,未滿15歲,0,桃園市
4胎,女,15～19歲,0,桃園市
4胎,女,20～24歲,5,桃園市
4胎,女,25～29歲,41,桃園市
4胎,女,30～34歲,50,桃園市
4胎,女,35～39歲,77,桃園市
4胎,女,40～44歲,20,桃園市
4胎,女,45～49歲,1,桃園市
4胎,女,50歲以上,0,桃園市
4胎,女,未滿15歲,0,桃園市
4胎,男,15～19歲,0,桃園市
4胎,男,20～24歲,9,桃園市
4胎,男,25～29歲,29,桃園市
4胎,男,30～34歲,73,桃園市
4胎,男,35～39歲,91,桃園市
4胎,男,40～44歲,25,桃園市
4胎,男,45～49歲,1,桃園市
4胎,男,50歲以上,0,桃園市
4胎,男,未滿15歲,0,桃園市
5胎,女,15～19歲,0,桃園市
5胎,女,20～24歲,1,桃園市
5胎,女,25～29歲,12,桃園市
5胎,女,30～34歲,17,桃園市
5胎,女,35～39歲,18,桃園市
5胎,女,40～44歲,8,桃園市
5胎,女,45～49歲,0,桃園市
5胎,女,50歲以上,0,桃園市
5胎,女,未滿15歲,0,桃園市
5胎,男,15～19歲,0,桃園市
5胎,男,20～24歲,3,桃園市
5胎,男,25～29歲,7,桃園市
5胎,男,30～34歲,18,桃園市
5胎,男,35～39歲,28,桃園市
5胎,男,40～44歲,6,桃園市
5胎,男,45～49歲,0,桃園市
5胎,男,50歲以上,0,桃園市
5胎,男,未滿15歲,0,桃園市
6胎,女,15～19歲,0,桃園市
6胎,女,20～24歲,0,桃園市
6胎,女,25～29歲,3,桃園市
6胎,女,30～34歲,2,桃園市
6胎,女,35～39歲,12,桃園市
6胎,女,40～44歲,1,桃園市
6胎,女,45～49歲,0,桃園市
6胎,女,50歲以上,0,桃園市
6胎,女,未滿15歲,0,桃園市
6胎,男,15～19歲,0,桃園市
6胎,男,20～24歲,0,桃園市
6胎,男,25～29歲,6,桃園市
6胎,男,30～34歲,6,桃園市
6胎,男,35～39歲,10,桃園市
6胎,男,40～44歲,5,桃園市
6胎,男,45～49歲,0,桃園市
6胎,男,50歲以上,0,桃園市
6胎,男,未滿15歲,0,桃園市
7胎,女,15～19歲,0,桃園市
7胎,女,20～24歲,0,桃園市
7胎,女,25～29歲,1,桃園市
7胎,女,30～34歲,2,桃園市
7胎,女,35～39歲,4,桃園市
7胎,女,40～44歲,1,桃園市
7胎,女,45～49歲,1,桃園市
7胎,女,50歲以上,0,桃園市
7胎,女,未滿15歲,0,桃園市
7胎,男,15～19歲,0,桃園市
7胎,男,20～24歲,0,桃園市
7胎,男,25～29歲,0,桃園市
7胎,男,30～34歲,5,桃園市
7胎,男,35～39歲,3,桃園市
7胎,男,40～44歲,1,桃園市
7胎,男,45～49歲,0,桃園市
7胎,男,50歲以上,0,桃園市
7胎,男,未滿15歲,0,桃園市
8胎,女,15～19歲,0,桃園市
8胎,女,20～24歲,0,桃園市
8胎,女,25～29歲,0,桃園市
8胎,女,30～34歲,0,桃園市
8胎,女,35～39歲,1,桃園市
8胎,女,40～44歲,0,桃園市
8胎,女,45～49歲,0,桃園市
8胎,女,50歲以上,0,桃園市
8胎,女,未滿15歲,0,桃園市
8胎,男,15～19歲,0,桃園市
8胎,男,20～24歲,0,桃園市
8胎,男,25～29歲,0,桃園市
8胎,男,30～34歲,2,桃園市
8胎,男,35～39歲,0,桃園市
8胎,男,40～44歲,1,桃園市
8胎,男,45～49歲,0,桃園市
8胎,男,50歲以上,0,桃園市
8胎,男,未滿15歲,0,桃園市
9胎以上,女,15～19歲,0,桃園市
9胎以上,女,20～24歲,0,桃園市
9胎以上,女,25～29歲,0,桃園市
9胎以上,女,30～34歲,4,桃園市
9胎以上,女,35～39歲,1,桃園市
9胎以上,女,40～44歲,1,桃園市
9胎以上,女,45～49歲,0,桃園市
9胎以上,女,50歲以上,0,桃園市
9胎以上,女,未滿15歲,0,桃園市
9胎以上,男,15～19歲,0,桃園市
9胎以上,男,20～24歲,0,桃園市
9胎以上,男,25～29歲,0,桃園市
9胎以上,男,30～34歲,0,桃園市
9胎以上,男,35～39歲,1,桃園市
9胎以上,男,40～44歲,0,桃園市
9胎以上,男,45～49歲,0,桃園市
9胎以上,男,50歲以上,0,桃園市
9胎以上,男,未滿15歲,0,桃園市
1胎,女,15～19歲,21,新竹市
1胎,女,20～24歲,84,新竹市
1胎,女,25～29歲,251,新竹市
1胎,女,30～34歲,401,新竹市
1胎,女,35～39歲,226,新竹市
1胎,女,40～44歲,27,新竹市
1胎,女,45～49歲,4,新竹市
1胎,女,50歲以上,1,新竹市
1胎,女,未滿15歲,0,新竹市
1胎,男,15～19歲,17,新竹市
1胎,男,20～24歲,104,新竹市
1胎,男,25～29歲,271,新竹市
1胎,男,30～34歲,380,新竹市
1胎,男,35～39歲,185,新竹市
1胎,男,40～44歲,32,新竹市
1胎,男,45～49歲,2,新竹市
1胎,男,50歲以上,0,新竹市
1胎,男,未滿15歲,0,新竹市
2胎,女,15～19歲,1,新竹市
2胎,女,20～24歲,34,新竹市
2胎,女,25～29歲,111,新竹市
2胎,女,30～34歲,290,新竹市
2胎,女,35～39歲,246,新竹市
2胎,女,40～44歲,39,新竹市
2胎,女,45～49歲,2,新竹市
2胎,女,50歲以上,0,新竹市
2胎,女,未滿15歲,0,新竹市
2胎,男,15～19歲,5,新竹市
2胎,男,20～24歲,29,新竹市
2胎,男,25～29歲,144,新竹市
2胎,男,30～34歲,314,新竹市
2胎,男,35～39歲,245,新竹市
2胎,男,40～44歲,47,新竹市
2胎,男,45～49歲,1,新竹市
2胎,男,50歲以上,0,新竹市
2胎,男,未滿15歲,0,新竹市
3胎,女,15～19歲,0,新竹市
3胎,女,20～24歲,6,新竹市
3胎,女,25～29歲,32,新竹市
3胎,女,30～34歲,58,新竹市
3胎,女,35～39歲,90,新竹市
3胎,女,40～44歲,27,新竹市
3胎,女,45～49歲,0,新竹市
3胎,女,50歲以上,0,新竹市
3胎,女,未滿15歲,0,新竹市
3胎,男,15～19歲,0,新竹市
3胎,男,20～24歲,3,新竹市
3胎,男,25～29歲,21,新竹市
3胎,男,30～34歲,56,新竹市
3胎,男,35～39歲,90,新竹市
3胎,男,40～44歲,28,新竹市
3胎,男,45～49歲,0,新竹市
3胎,男,50歲以上,0,新竹市
3胎,男,未滿15歲,0,新竹市
4胎,女,15～19歲,0,新竹市
4胎,女,20～24歲,1,新竹市
4胎,女,25～29歲,5,新竹市
4胎,女,30～34歲,9,新竹市
4胎,女,35～39歲,14,新竹市
4胎,女,40～44歲,1,新竹市
4胎,女,45～49歲,0,新竹市
4胎,女,50歲以上,0,新竹市
4胎,女,未滿15歲,0,新竹市
4胎,男,15～19歲,0,新竹市
4胎,男,20～24歲,1,新竹市
4胎,男,25～29歲,3,新竹市
4胎,男,30～34歲,13,新竹市
4胎,男,35～39歲,18,新竹市
4胎,男,40～44歲,5,新竹市
4胎,男,45～49歲,0,新竹市
4胎,男,50歲以上,0,新竹市
4胎,男,未滿15歲,0,新竹市
5胎,女,15～19歲,0,新竹市
5胎,女,20～24歲,0,新竹市
5胎,女,25～29歲,3,新竹市
5胎,女,30～34歲,2,新竹市
5胎,女,35～39歲,1,新竹市
5胎,女,40～44歲,2,新竹市
5胎,女,45～49歲,0,新竹市
5胎,女,50歲以上,0,新竹市
5胎,女,未滿15歲,0,新竹市
5胎,男,15～19歲,0,新竹市
5胎,男,20～24歲,0,新竹市
5胎,男,25～29歲,1,新竹市
5胎,男,30～34歲,2,新竹市
5胎,男,35～39歲,5,新竹市
5胎,男,40～44歲,0,新竹市
5胎,男,45～49歲,0,新竹市
5胎,男,50歲以上,0,新竹市
5胎,男,未滿15歲,0,新竹市
6胎,女,15～19歲,0,新竹市
6胎,女,20～24歲,0,新竹市
6胎,女,25～29歲,0,新竹市
6胎,女,30～34歲,1,新竹市
6胎,女,35～39歲,1,新竹市
6胎,女,40～44歲,0,新竹市
6胎,女,45～49歲,0,新竹市
6胎,女,50歲以上,0,新竹市
6胎,女,未滿15歲,0,新竹市
6胎,男,15～19歲,0,新竹市
6胎,男,20～24歲,0,新竹市
6胎,男,25～29歲,0,新竹市
6胎,男,30～34歲,0,新竹市
6胎,男,35～39歲,2,新竹市
6胎,男,40～44歲,0,新竹市
6胎,男,45～49歲,0,新竹市
6胎,男,50歲以上,0,新竹市
6胎,男,未滿15歲,0,新竹市
7胎,女,15～19歲,0,新竹市
7胎,女,20～24歲,0,新竹市
7胎,女,25～29歲,0,新竹市
7胎,女,30～34歲,0,新竹市
7胎,女,35～39歲,1,新竹市
7胎,女,40～44歲,0,新竹市
7胎,女,45～49歲,0,新竹市
7胎,女,50歲以上,0,新竹市
7胎,女,未滿15歲,0,新竹市
7胎,男,15～19歲,0,新竹市
7胎,男,20～24歲,0,新竹市
7胎,男,25～29歲,0,新竹市
7胎,男,30～34歲,0,新竹市
7胎,男,35～39歲,0,新竹市
7胎,男,40～44歲,0,新竹市
7胎,男,45～49歲,0,新竹市
7胎,男,50歲以上,0,新竹市
7胎,男,未滿15歲,0,新竹市
8胎,女,15～19歲,0,新竹市
8胎,女,20～24歲,0,新竹市
8胎,女,25～29歲,0,新竹市
8胎,女,30～34歲,1,新竹市
8胎,女,35～39歲,1,新竹市
8胎,女,40～44歲,0,新竹市
8胎,女,45～49歲,0,新竹市
8胎,女,50歲以上,0,新竹市
8胎,女,未滿15歲,0,新竹市
8胎,男,15～19歲,0,新竹市
8胎,男,20～24歲,0,新竹市
8胎,男,25～29歲,0,新竹市
8胎,男,30～34歲,0,新竹市
8胎,男,35～39歲,0,新竹市
8胎,男,40～44歲,0,新竹市
8胎,男,45～49歲,0,新竹市
8胎,男,50歲以上,0,新竹市
8胎,男,未滿15歲,0,新竹市
9胎以上,女,15～19歲,0,新竹市
9胎以上,女,20～24歲,0,新竹市
9胎以上,女,25～29歲,0,新竹市
9胎以上,女,30～34歲,0,新竹市
9胎以上,女,35～39歲,1,新竹市
9胎以上,女,40～44歲,0,新竹市
9胎以上,女,45～49歲,0,新竹市
9胎以上,女,50歲以上,0,新竹市
9胎以上,女,未滿15歲,0,新竹市
9胎以上,男,15～19歲,0,新竹市
9胎以上,男,20～24歲,0,新竹市
9胎以上,男,25～29歲,0,新竹市
9胎以上,男,30～34歲,0,新竹市
9胎以上,男,35～39歲,0,新竹市
9胎以上,男,40～44歲,0,新竹市
9胎以上,男,45～49歲,0,新竹市
9胎以上,男,50歲以上,0,新竹市
9胎以上,男,未滿15歲,0,新竹市
1胎,女,15～19歲,42,新竹縣
1胎,女,20～24歲,117,新竹縣
1胎,女,25～29歲,295,新竹縣
1胎,女,30～34歲,371,新竹縣
1胎,女,35～39歲,218,新竹縣
1胎,女,40～44歲,40,新竹縣
1胎,女,45～49歲,2,新竹縣
1胎,女,50歲以上,0,新竹縣
1胎,女,未滿15歲,0,新竹縣
1胎,男,15～19歲,37,新竹縣
1胎,男,20～24歲,137,新竹縣
1胎,男,25～29歲,317,新竹縣
1胎,男,30～34歲,387,新竹縣
1胎,男,35～39歲,184,新竹縣
1胎,男,40～44歲,37,新竹縣
1胎,男,45～49歲,2,新竹縣
1胎,男,50歲以上,0,新竹縣
1胎,男,未滿15歲,0,新竹縣
2胎,女,15～19歲,3,新竹縣
2胎,女,20～24歲,52,新竹縣
2胎,女,25～29歲,166,新竹縣
2胎,女,30～34歲,282,新竹縣
2胎,女,35～39歲,227,新竹縣
2胎,女,40～44歲,47,新竹縣
2胎,女,45～49歲,3,新竹縣
2胎,女,50歲以上,0,新竹縣
2胎,女,未滿15歲,0,新竹縣
2胎,男,15～19歲,7,新竹縣
2胎,男,20～24歲,74,新竹縣
2胎,男,25～29歲,181,新竹縣
2胎,男,30～34歲,351,新竹縣
2胎,男,35～39歲,281,新竹縣
2胎,男,40～44歲,40,新竹縣
2胎,男,45～49歲,2,新竹縣
2胎,男,50歲以上,0,新竹縣
2胎,男,未滿15歲,0,新竹縣
3胎,女,15～19歲,0,新竹縣
3胎,女,20～24歲,15,新竹縣
3胎,女,25～29歲,21,新竹縣
3胎,女,30～34歲,61,新竹縣
3胎,女,35～39歲,70,新竹縣
3胎,女,40～44歲,9,新竹縣
3胎,女,45～49歲,1,新竹縣
3胎,女,50歲以上,0,新竹縣
3胎,女,未滿15歲,0,新竹縣
3胎,男,15～19歲,0,新竹縣
3胎,男,20～24歲,7,新竹縣
3胎,男,25～29歲,32,新竹縣
3胎,男,30～34歲,76,新竹縣
3胎,男,35～39歲,81,新竹縣
3胎,男,40～44歲,24,新竹縣
3胎,男,45～49歲,1,新竹縣
3胎,男,50歲以上,0,新竹縣
3胎,男,未滿15歲,0,新竹縣
4胎,女,15～19歲,0,新竹縣
4胎,女,20～24歲,2,新竹縣
4胎,女,25～29歲,16,新竹縣
4胎,女,30～34歲,11,新竹縣
4胎,女,35～39歲,17,新竹縣
4胎,女,40～44歲,4,新竹縣
4胎,女,45～49歲,1,新竹縣
4胎,女,50歲以上,1,新竹縣
4胎,女,未滿15歲,0,新竹縣
4胎,男,15～19歲,0,新竹縣
4胎,男,20～24歲,5,新竹縣
4胎,男,25～29歲,9,新竹縣
4胎,男,30～34歲,18,新竹縣
4胎,男,35～39歲,14,新竹縣
4胎,男,40～44歲,8,新竹縣
4胎,男,45～49歲,0,新竹縣
4胎,男,50歲以上,0,新竹縣
4胎,男,未滿15歲,0,新竹縣
5胎,女,15～19歲,0,新竹縣
5胎,女,20～24歲,1,新竹縣
5胎,女,25～29歲,1,新竹縣
5胎,女,30～34歲,1,新竹縣
5胎,女,35～39歲,6,新竹縣
5胎,女,40～44歲,3,新竹縣
5胎,女,45～49歲,1,新竹縣
5胎,女,50歲以上,0,新竹縣
5胎,女,未滿15歲,0,新竹縣
5胎,男,15～19歲,0,新竹縣
5胎,男,20～24歲,0,新竹縣
5胎,男,25～29歲,1,新竹縣
5胎,男,30～34歲,5,新竹縣
5胎,男,35～39歲,3,新竹縣
5胎,男,40～44歲,3,新竹縣
5胎,男,45～49歲,0,新竹縣
5胎,男,50歲以上,0,新竹縣
5胎,男,未滿15歲,0,新竹縣
6胎,女,15～19歲,0,新竹縣
6胎,女,20～24歲,1,新竹縣
6胎,女,25～29歲,2,新竹縣
6胎,女,30～34歲,0,新竹縣
6胎,女,35～39歲,3,新竹縣
6胎,女,40～44歲,1,新竹縣
6胎,女,45～49歲,1,新竹縣
6胎,女,50歲以上,0,新竹縣
6胎,女,未滿15歲,0,新竹縣
6胎,男,15～19歲,0,新竹縣
6胎,男,20～24歲,0,新竹縣
6胎,男,25～29歲,2,新竹縣
6胎,男,30～34歲,1,新竹縣
6胎,男,35～39歲,1,新竹縣
6胎,男,40～44歲,0,新竹縣
6胎,男,45～49歲,0,新竹縣
6胎,男,50歲以上,0,新竹縣
6胎,男,未滿15歲,0,新竹縣
7胎,女,15～19歲,0,新竹縣
7胎,女,20～24歲,0,新竹縣
7胎,女,25～29歲,0,新竹縣
7胎,女,30～34歲,1,新竹縣
7胎,女,35～39歲,0,新竹縣
7胎,女,40～44歲,0,新竹縣
7胎,女,45～49歲,0,新竹縣
7胎,女,50歲以上,0,新竹縣
7胎,女,未滿15歲,0,新竹縣
7胎,男,15～19歲,0,新竹縣
7胎,男,20～24歲,0,新竹縣
7胎,男,25～29歲,0,新竹縣
7胎,男,30～34歲,0,新竹縣
7胎,男,35～39歲,1,新竹縣
7胎,男,40～44歲,1,新竹縣
7胎,男,45～49歲,0,新竹縣
7胎,男,50歲以上,0,新竹縣
7胎,男,未滿15歲,0,新竹縣
8胎,女,15～19歲,0,新竹縣
8胎,女,20～24歲,0,新竹縣
8胎,女,25～29歲,0,新竹縣
8胎,女,30～34歲,0,新竹縣
8胎,女,35～39歲,0,新竹縣
8胎,女,40～44歲,0,新竹縣
8胎,女,45～49歲,0,新竹縣
8胎,女,50歲以上,0,新竹縣
8胎,女,未滿15歲,0,新竹縣
8胎,男,15～19歲,0,新竹縣
8胎,男,20～24歲,0,新竹縣
8胎,男,25～29歲,0,新竹縣
8胎,男,30～34歲,0,新竹縣
8胎,男,35～39歲,0,新竹縣
8胎,男,40～44歲,0,新竹縣
8胎,男,45～49歲,0,新竹縣
8胎,男,50歲以上,0,新竹縣
8胎,男,未滿15歲,0,新竹縣
9胎以上,女,15～19歲,0,新竹縣
9胎以上,女,20～24歲,0,新竹縣
9胎以上,女,25～29歲,0,新竹縣
9胎以上,女,30～34歲,0,新竹縣
9胎以上,女,35～39歲,1,新竹縣
9胎以上,女,40～44歲,1,新竹縣
9胎以上,女,45～49歲,0,新竹縣
9胎以上,女,50歲以上,0,新竹縣
9胎以上,女,未滿15歲,0,新竹縣
9胎以上,男,15～19歲,0,新竹縣
9胎以上,男,20～24歲,0,新竹縣
9胎以上,男,25～29歲,0,新竹縣
9胎以上,男,30～34歲,0,新竹縣
9胎以上,男,35～39歲,1,新竹縣
9胎以上,男,40～44歲,0,新竹縣
9胎以上,男,45～49歲,0,新竹縣
9胎以上,男,50歲以上,0,新竹縣
9胎以上,男,未滿15歲,0,新竹縣
1胎,女,15～19歲,29,苗栗縣
1胎,女,20～24歲,116,苗栗縣
1胎,女,25～29歲,234,苗栗縣
1胎,女,30～34歲,244,苗栗縣
1胎,女,35～39歲,99,苗栗縣
1胎,女,40～44歲,17,苗栗縣
1胎,女,45～49歲,2,苗栗縣
1胎,女,50歲以上,0,苗栗縣
1胎,女,未滿15歲,0,苗栗縣
1胎,男,15～19歲,30,苗栗縣
1胎,男,20～24歲,148,苗栗縣
1胎,男,25～29歲,247,苗栗縣
1胎,男,30～34歲,231,苗栗縣
1胎,男,35～39歲,106,苗栗縣
1胎,男,40～44歲,18,苗栗縣
1胎,男,45～49歲,0,苗栗縣
1胎,男,50歲以上,0,苗栗縣
1胎,男,未滿15歲,0,苗栗縣
2胎,女,15～19歲,4,苗栗縣
2胎,女,20～24歲,80,苗栗縣
2胎,女,25～29歲,162,苗栗縣
2胎,女,30～34歲,225,苗栗縣
2胎,女,35～39歲,162,苗栗縣
2胎,女,40～44歲,25,苗栗縣
2胎,女,45～49歲,0,苗栗縣
2胎,女,50歲以上,0,苗栗縣
2胎,女,未滿15歲,0,苗栗縣
2胎,男,15～19歲,2,苗栗縣
2胎,男,20～24歲,68,苗栗縣
2胎,男,25～29歲,167,苗栗縣
2胎,男,30～34歲,256,苗栗縣
2胎,男,35～39歲,135,苗栗縣
2胎,男,40～44歲,22,苗栗縣
2胎,男,45～49歲,0,苗栗縣
2胎,男,50歲以上,1,苗栗縣
2胎,男,未滿15歲,0,苗栗縣
3胎,女,15～19歲,0,苗栗縣
3胎,女,20～24歲,8,苗栗縣
3胎,女,25～29歲,48,苗栗縣
3胎,女,30～34歲,75,苗栗縣
3胎,女,35～39歲,68,苗栗縣
3胎,女,40～44歲,14,苗栗縣
3胎,女,45～49歲,2,苗栗縣
3胎,女,50歲以上,0,苗栗縣
3胎,女,未滿15歲,0,苗栗縣
3胎,男,15～19歲,2,苗栗縣
3胎,男,20～24歲,12,苗栗縣
3胎,男,25～29歲,41,苗栗縣
3胎,男,30～34歲,61,苗栗縣
3胎,男,35～39歲,64,苗栗縣
3胎,男,40～44歲,12,苗栗縣
3胎,男,45～49歲,0,苗栗縣
3胎,男,50歲以上,0,苗栗縣
3胎,男,未滿15歲,0,苗栗縣
4胎,女,15～19歲,0,苗栗縣
4胎,女,20～24歲,1,苗栗縣
4胎,女,25～29歲,6,苗栗縣
4胎,女,30～34歲,12,苗栗縣
4胎,女,35～39歲,13,苗栗縣
4胎,女,40～44歲,2,苗栗縣
4胎,女,45～49歲,0,苗栗縣
4胎,女,50歲以上,0,苗栗縣
4胎,女,未滿15歲,0,苗栗縣
4胎,男,15～19歲,0,苗栗縣
4胎,男,20～24歲,0,苗栗縣
4胎,男,25～29歲,5,苗栗縣
4胎,男,30～34歲,21,苗栗縣
4胎,男,35～39歲,10,苗栗縣
4胎,男,40～44歲,4,苗栗縣
4胎,男,45～49歲,0,苗栗縣
4胎,男,50歲以上,0,苗栗縣
4胎,男,未滿15歲,0,苗栗縣
5胎,女,15～19歲,0,苗栗縣
5胎,女,20～24歲,0,苗栗縣
5胎,女,25～29歲,0,苗栗縣
5胎,女,30～34歲,7,苗栗縣
5胎,女,35～39歲,4,苗栗縣
5胎,女,40～44歲,1,苗栗縣
5胎,女,45～49歲,0,苗栗縣
5胎,女,50歲以上,0,苗栗縣
5胎,女,未滿15歲,0,苗栗縣
5胎,男,15～19歲,0,苗栗縣
5胎,男,20～24歲,0,苗栗縣
5胎,男,25～29歲,2,苗栗縣
5胎,男,30～34歲,6,苗栗縣
5胎,男,35～39歲,7,苗栗縣
5胎,男,40～44歲,1,苗栗縣
5胎,男,45～49歲,0,苗栗縣
5胎,男,50歲以上,0,苗栗縣
5胎,男,未滿15歲,0,苗栗縣
6胎,女,15～19歲,0,苗栗縣
6胎,女,20～24歲,0,苗栗縣
6胎,女,25～29歲,0,苗栗縣
6胎,女,30～34歲,0,苗栗縣
6胎,女,35～39歲,0,苗栗縣
6胎,女,40～44歲,0,苗栗縣
6胎,女,45～49歲,0,苗栗縣
6胎,女,50歲以上,0,苗栗縣
6胎,女,未滿15歲,0,苗栗縣
6胎,男,15～19歲,0,苗栗縣
6胎,男,20～24歲,1,苗栗縣
6胎,男,25～29歲,0,苗栗縣
6胎,男,30～34歲,0,苗栗縣
6胎,男,35～39歲,1,苗栗縣
6胎,男,40～44歲,0,苗栗縣
6胎,男,45～49歲,0,苗栗縣
6胎,男,50歲以上,0,苗栗縣
6胎,男,未滿15歲,0,苗栗縣
7胎,女,15～19歲,0,苗栗縣
7胎,女,20～24歲,0,苗栗縣
7胎,女,25～29歲,0,苗栗縣
7胎,女,30～34歲,1,苗栗縣
7胎,女,35～39歲,1,苗栗縣
7胎,女,40～44歲,0,苗栗縣
7胎,女,45～49歲,0,苗栗縣
7胎,女,50歲以上,0,苗栗縣
7胎,女,未滿15歲,0,苗栗縣
7胎,男,15～19歲,0,苗栗縣
7胎,男,20～24歲,0,苗栗縣
7胎,男,25～29歲,0,苗栗縣
7胎,男,30～34歲,0,苗栗縣
7胎,男,35～39歲,1,苗栗縣
7胎,男,40～44歲,0,苗栗縣
7胎,男,45～49歲,0,苗栗縣
7胎,男,50歲以上,0,苗栗縣
7胎,男,未滿15歲,0,苗栗縣
8胎,女,15～19歲,0,苗栗縣
8胎,女,20～24歲,0,苗栗縣
8胎,女,25～29歲,0,苗栗縣
8胎,女,30～34歲,0,苗栗縣
8胎,女,35～39歲,1,苗栗縣
8胎,女,40～44歲,0,苗栗縣
8胎,女,45～49歲,0,苗栗縣
8胎,女,50歲以上,0,苗栗縣
8胎,女,未滿15歲,0,苗栗縣
8胎,男,15～19歲,0,苗栗縣
8胎,男,20～24歲,0,苗栗縣
8胎,男,25～29歲,0,苗栗縣
8胎,男,30～34歲,1,苗栗縣
8胎,男,35～39歲,0,苗栗縣
8胎,男,40～44歲,0,苗栗縣
8胎,男,45～49歲,0,苗栗縣
8胎,男,50歲以上,0,苗栗縣
8胎,男,未滿15歲,0,苗栗縣
9胎以上,女,15～19歲,0,苗栗縣
9胎以上,女,20～24歲,0,苗栗縣
9胎以上,女,25～29歲,0,苗栗縣
9胎以上,女,30～34歲,0,苗栗縣
9胎以上,女,35～39歲,0,苗栗縣
9胎以上,女,40～44歲,0,苗栗縣
9胎以上,女,45～49歲,0,苗栗縣
9胎以上,女,50歲以上,0,苗栗縣
9胎以上,女,未滿15歲,0,苗栗縣
9胎以上,男,15～19歲,0,苗栗縣
9胎以上,男,20～24歲,0,苗栗縣
9胎以上,男,25～29歲,0,苗栗縣
9胎以上,男,30～34歲,0,苗栗縣
9胎以上,男,35～39歲,0,苗栗縣
9胎以上,男,40～44歲,0,苗栗縣
9胎以上,男,45～49歲,0,苗栗縣
9胎以上,男,50歲以上,0,苗栗縣
9胎以上,男,未滿15歲,0,苗栗縣
1胎,女,15～19歲,113,臺中市
1胎,女,20～24歲,601,臺中市
1胎,女,25～29歲,1732,臺中市
1胎,女,30～34歲,2052,臺中市
1胎,女,35～39歲,945,臺中市
1胎,女,40～44歲,134,臺中市
1胎,女,45～49歲,9,臺中市
1胎,女,50歲以上,0,臺中市
1胎,女,未滿15歲,0,臺中市
1胎,男,15～19歲,125,臺中市
1胎,男,20～24歲,650,臺中市
1胎,男,25～29歲,1803,臺中市
1胎,男,30～34歲,2136,臺中市
1胎,男,35～39歲,1008,臺中市
1胎,男,40～44歲,181,臺中市
1胎,男,45～49歲,10,臺中市
1胎,男,50歲以上,0,臺中市
1胎,男,未滿15歲,1,臺中市
2胎,女,15～19歲,17,臺中市
2胎,女,20～24歲,262,臺中市
2胎,女,25～29歲,821,臺中市
2胎,女,30～34歲,1616,臺中市
2胎,女,35～39歲,1192,臺中市
2胎,女,40～44歲,159,臺中市
2胎,女,45～49歲,3,臺中市
2胎,女,50歲以上,0,臺中市
2胎,女,未滿15歲,0,臺中市
2胎,男,15～19歲,20,臺中市
2胎,男,20～24歲,220,臺中市
2胎,男,25～29歲,888,臺中市
2胎,男,30～34歲,1797,臺中市
2胎,男,35～39歲,1213,臺中市
2胎,男,40～44歲,160,臺中市
2胎,男,45～49歲,8,臺中市
2胎,男,50歲以上,0,臺中市
2胎,男,未滿15歲,0,臺中市
3胎,女,15～19歲,1,臺中市
3胎,女,20～24歲,44,臺中市
3胎,女,25～29歲,156,臺中市
3胎,女,30～34歲,371,臺中市
3胎,女,35～39歲,389,臺中市
3胎,女,40～44歲,110,臺中市
3胎,女,45～49歲,2,臺中市
3胎,女,50歲以上,1,臺中市
3胎,女,未滿15歲,0,臺中市
3胎,男,15～19歲,1,臺中市
3胎,男,20～24歲,47,臺中市
3胎,男,25～29歲,157,臺中市
3胎,男,30～34歲,409,臺中市
3胎,男,35～39歲,422,臺中市
3胎,男,40～44歲,106,臺中市
3胎,男,45～49歲,3,臺中市
3胎,男,50歲以上,0,臺中市
3胎,男,未滿15歲,0,臺中市
4胎,女,15～19歲,0,臺中市
4胎,女,20～24歲,8,臺中市
4胎,女,25～29歲,23,臺中市
4胎,女,30～34歲,68,臺中市
4胎,女,35～39歲,73,臺中市
4胎,女,40～44歲,26,臺中市
4胎,女,45～49歲,1,臺中市
4胎,女,50歲以上,0,臺中市
4胎,女,未滿15歲,0,臺中市
4胎,男,15～19歲,0,臺中市
4胎,男,20～24歲,10,臺中市
4胎,男,25～29歲,30,臺中市
4胎,男,30～34歲,54,臺中市
4胎,男,35～39歲,92,臺中市
4胎,男,40～44歲,32,臺中市
4胎,男,45～49歲,4,臺中市
4胎,男,50歲以上,0,臺中市
4胎,男,未滿15歲,0,臺中市
5胎,女,15～19歲,0,臺中市
5胎,女,20～24歲,1,臺中市
5胎,女,25～29歲,5,臺中市
5胎,女,30～34歲,11,臺中市
5胎,女,35～39歲,18,臺中市
5胎,女,40～44歲,4,臺中市
5胎,女,45～49歲,0,臺中市
5胎,女,50歲以上,0,臺中市
5胎,女,未滿15歲,0,臺中市
5胎,男,15～19歲,0,臺中市
5胎,男,20～24歲,1,臺中市
5胎,男,25～29歲,4,臺中市
5胎,男,30～34歲,15,臺中市
5胎,男,35～39歲,19,臺中市
5胎,男,40～44歲,6,臺中市
5胎,男,45～49歲,0,臺中市
5胎,男,50歲以上,0,臺中市
5胎,男,未滿15歲,0,臺中市
6胎,女,15～19歲,0,臺中市
6胎,女,20～24歲,0,臺中市
6胎,女,25～29歲,3,臺中市
6胎,女,30～34歲,5,臺中市
6胎,女,35～39歲,9,臺中市
6胎,女,40～44歲,2,臺中市
6胎,女,45～49歲,0,臺中市
6胎,女,50歲以上,0,臺中市
6胎,女,未滿15歲,0,臺中市
6胎,男,15～19歲,0,臺中市
6胎,男,20～24歲,1,臺中市
6胎,男,25～29歲,3,臺中市
6胎,男,30～34歲,3,臺中市
6胎,男,35～39歲,4,臺中市
6胎,男,40～44歲,1,臺中市
6胎,男,45～49歲,0,臺中市
6胎,男,50歲以上,0,臺中市
6胎,男,未滿15歲,0,臺中市
7胎,女,15～19歲,0,臺中市
7胎,女,20～24歲,0,臺中市
7胎,女,25～29歲,0,臺中市
7胎,女,30～34歲,1,臺中市
7胎,女,35～39歲,0,臺中市
7胎,女,40～44歲,2,臺中市
7胎,女,45～49歲,0,臺中市
7胎,女,50歲以上,0,臺中市
7胎,女,未滿15歲,0,臺中市
7胎,男,15～19歲,0,臺中市
7胎,男,20～24歲,0,臺中市
7胎,男,25～29歲,0,臺中市
7胎,男,30～34歲,1,臺中市
7胎,男,35～39歲,1,臺中市
7胎,男,40～44歲,2,臺中市
7胎,男,45～49歲,0,臺中市
7胎,男,50歲以上,0,臺中市
7胎,男,未滿15歲,0,臺中市
8胎,女,15～19歲,0,臺中市
8胎,女,20～24歲,0,臺中市
8胎,女,25～29歲,0,臺中市
8胎,女,30～34歲,2,臺中市
8胎,女,35～39歲,1,臺中市
8胎,女,40～44歲,2,臺中市
8胎,女,45～49歲,0,臺中市
8胎,女,50歲以上,0,臺中市
8胎,女,未滿15歲,0,臺中市
8胎,男,15～19歲,0,臺中市
8胎,男,20～24歲,0,臺中市
8胎,男,25～29歲,0,臺中市
8胎,男,30～34歲,2,臺中市
8胎,男,35～39歲,0,臺中市
8胎,男,40～44歲,0,臺中市
8胎,男,45～49歲,0,臺中市
8胎,男,50歲以上,0,臺中市
8胎,男,未滿15歲,0,臺中市
9胎以上,女,15～19歲,0,臺中市
9胎以上,女,20～24歲,0,臺中市
9胎以上,女,25～29歲,0,臺中市
9胎以上,女,30～34歲,0,臺中市
9胎以上,女,35～39歲,1,臺中市
9胎以上,女,40～44歲,0,臺中市
9胎以上,女,45～49歲,0,臺中市
9胎以上,女,50歲以上,0,臺中市
9胎以上,女,未滿15歲,0,臺中市
9胎以上,男,15～19歲,0,臺中市
9胎以上,男,20～24歲,0,臺中市
9胎以上,男,25～29歲,0,臺中市
9胎以上,男,30～34歲,0,臺中市
9胎以上,男,35～39歲,0,臺中市
9胎以上,男,40～44歲,0,臺中市
9胎以上,男,45～49歲,0,臺中市
9胎以上,男,50歲以上,0,臺中市
9胎以上,男,未滿15歲,0,臺中市
1胎,女,15～19歲,60,彰化縣
1胎,女,20～24歲,400,彰化縣
1胎,女,25～29歲,1109,彰化縣
1胎,女,30～34歲,1046,彰化縣
1胎,女,35～39歲,482,彰化縣
1胎,女,40～44歲,61,彰化縣
1胎,女,45～49歲,4,彰化縣
1胎,女,50歲以上,0,彰化縣
1胎,女,未滿15歲,1,彰化縣
1胎,男,15～19歲,80,彰化縣
1胎,男,20～24歲,440,彰化縣
1胎,男,25～29歲,1084,彰化縣
1胎,男,30～34歲,1131,彰化縣
1胎,男,35～39歲,457,彰化縣
1胎,男,40～44歲,69,彰化縣
1胎,男,45～49歲,3,彰化縣
1胎,男,50歲以上,0,彰化縣
1胎,男,未滿15歲,0,彰化縣
2胎,女,15～19歲,11,彰化縣
2胎,女,20～24歲,189,彰化縣
2胎,女,25～29歲,524,彰化縣
2胎,女,30～34歲,919,彰化縣
2胎,女,35～39歲,494,彰化縣
2胎,女,40～44歲,69,彰化縣
2胎,女,45～49歲,2,彰化縣
2胎,女,50歲以上,1,彰化縣
2胎,女,未滿15歲,0,彰化縣
2胎,男,15～19歲,17,彰化縣
2胎,男,20～24歲,166,彰化縣
2胎,男,25～29歲,576,彰化縣
2胎,男,30～34歲,971,彰化縣
2胎,男,35～39歲,548,彰化縣
2胎,男,40～44歲,67,彰化縣
2胎,男,45～49歲,1,彰化縣
2胎,男,50歲以上,0,彰化縣
2胎,男,未滿15歲,0,彰化縣
3胎,女,15～19歲,2,彰化縣
3胎,女,20～24歲,25,彰化縣
3胎,女,25～29歲,102,彰化縣
3胎,女,30～34歲,230,彰化縣
3胎,女,35～39歲,217,彰化縣
3胎,女,40～44歲,45,彰化縣
3胎,女,45～49歲,0,彰化縣
3胎,女,50歲以上,0,彰化縣
3胎,女,未滿15歲,0,彰化縣
3胎,男,15～19歲,0,彰化縣
3胎,男,20～24歲,23,彰化縣
3胎,男,25～29歲,102,彰化縣
3胎,男,30～34歲,242,彰化縣
3胎,男,35～39歲,200,彰化縣
3胎,男,40～44歲,53,彰化縣
3胎,男,45～49歲,2,彰化縣
3胎,男,50歲以上,0,彰化縣
3胎,男,未滿15歲,0,彰化縣
4胎,女,15～19歲,0,彰化縣
4胎,女,20～24歲,1,彰化縣
4胎,女,25～29歲,17,彰化縣
4胎,女,30～34歲,32,彰化縣
4胎,女,35～39歲,42,彰化縣
4胎,女,40～44歲,11,彰化縣
4胎,女,45～49歲,0,彰化縣
4胎,女,50歲以上,0,彰化縣
4胎,女,未滿15歲,0,彰化縣
4胎,男,15～19歲,0,彰化縣
4胎,男,20～24歲,4,彰化縣
4胎,男,25～29歲,15,彰化縣
4胎,男,30～34歲,41,彰化縣
4胎,男,35～39歲,49,彰化縣
4胎,男,40～44歲,14,彰化縣
4胎,男,45～49歲,0,彰化縣
4胎,男,50歲以上,0,彰化縣
4胎,男,未滿15歲,0,彰化縣
5胎,女,15～19歲,0,彰化縣
5胎,女,20～24歲,1,彰化縣
5胎,女,25～29歲,5,彰化縣
5胎,女,30～34歲,3,彰化縣
5胎,女,35～39歲,10,彰化縣
5胎,女,40～44歲,4,彰化縣
5胎,女,45～49歲,0,彰化縣
5胎,女,50歲以上,0,彰化縣
5胎,女,未滿15歲,0,彰化縣
5胎,男,15～19歲,0,彰化縣
5胎,男,20～24歲,1,彰化縣
5胎,男,25～29歲,4,彰化縣
5胎,男,30～34歲,11,彰化縣
5胎,男,35～39歲,17,彰化縣
5胎,男,40～44歲,2,彰化縣
5胎,男,45～49歲,0,彰化縣
5胎,男,50歲以上,0,彰化縣
5胎,男,未滿15歲,0,彰化縣
6胎,女,15～19歲,0,彰化縣
6胎,女,20～24歲,0,彰化縣
6胎,女,25～29歲,0,彰化縣
6胎,女,30～34歲,1,彰化縣
6胎,女,35～39歲,1,彰化縣
6胎,女,40～44歲,0,彰化縣
6胎,女,45～49歲,0,彰化縣
6胎,女,50歲以上,0,彰化縣
6胎,女,未滿15歲,0,彰化縣
6胎,男,15～19歲,0,彰化縣
6胎,男,20～24歲,1,彰化縣
6胎,男,25～29歲,2,彰化縣
6胎,男,30～34歲,2,彰化縣
6胎,男,35～39歲,2,彰化縣
6胎,男,40～44歲,1,彰化縣
6胎,男,45～49歲,0,彰化縣
6胎,男,50歲以上,0,彰化縣
6胎,男,未滿15歲,0,彰化縣
7胎,女,15～19歲,0,彰化縣
7胎,女,20～24歲,0,彰化縣
7胎,女,25～29歲,0,彰化縣
7胎,女,30～34歲,0,彰化縣
7胎,女,35～39歲,3,彰化縣
7胎,女,40～44歲,1,彰化縣
7胎,女,45～49歲,0,彰化縣
7胎,女,50歲以上,0,彰化縣
7胎,女,未滿15歲,0,彰化縣
7胎,男,15～19歲,0,彰化縣
7胎,男,20～24歲,0,彰化縣
7胎,男,25～29歲,0,彰化縣
7胎,男,30～34歲,2,彰化縣
7胎,男,35～39歲,1,彰化縣
7胎,男,40～44歲,0,彰化縣
7胎,男,45～49歲,0,彰化縣
7胎,男,50歲以上,0,彰化縣
7胎,男,未滿15歲,0,彰化縣
8胎,女,15～19歲,0,彰化縣
8胎,女,20～24歲,0,彰化縣
8胎,女,25～29歲,0,彰化縣
8胎,女,30～34歲,0,彰化縣
8胎,女,35～39歲,0,彰化縣
8胎,女,40～44歲,0,彰化縣
8胎,女,45～49歲,0,彰化縣
8胎,女,50歲以上,0,彰化縣
8胎,女,未滿15歲,0,彰化縣
8胎,男,15～19歲,0,彰化縣
8胎,男,20～24歲,0,彰化縣
8胎,男,25～29歲,0,彰化縣
8胎,男,30～34歲,0,彰化縣
8胎,男,35～39歲,0,彰化縣
8胎,男,40～44歲,1,彰化縣
8胎,男,45～49歲,0,彰化縣
8胎,男,50歲以上,0,彰化縣
8胎,男,未滿15歲,0,彰化縣
9胎以上,女,15～19歲,0,彰化縣
9胎以上,女,20～24歲,0,彰化縣
9胎以上,女,25～29歲,0,彰化縣
9胎以上,女,30～34歲,0,彰化縣
9胎以上,女,35～39歲,0,彰化縣
9胎以上,女,40～44歲,0,彰化縣
9胎以上,女,45～49歲,0,彰化縣
9胎以上,女,50歲以上,0,彰化縣
9胎以上,女,未滿15歲,0,彰化縣
9胎以上,男,15～19歲,0,彰化縣
9胎以上,男,20～24歲,0,彰化縣
9胎以上,男,25～29歲,0,彰化縣
9胎以上,男,30～34歲,0,彰化縣
9胎以上,男,35～39歲,0,彰化縣
9胎以上,男,40～44歲,0,彰化縣
9胎以上,男,45～49歲,0,彰化縣
9胎以上,男,50歲以上,0,彰化縣
9胎以上,男,未滿15歲,0,彰化縣
1胎,女,15～19歲,28,南投縣
1胎,女,20～24歲,159,南投縣
1胎,女,25～29歲,254,南投縣
1胎,女,30～34歲,187,南投縣
1胎,女,35～39歲,93,南投縣
1胎,女,40～44歲,13,南投縣
1胎,女,45～49歲,0,南投縣
1胎,女,50歲以上,0,南投縣
1胎,女,未滿15歲,0,南投縣
1胎,男,15～19歲,63,南投縣
1胎,男,20～24歲,144,南投縣
1胎,男,25～29歲,260,南投縣
1胎,男,30～34歲,207,南投縣
1胎,男,35～39歲,91,南投縣
1胎,男,40～44歲,14,南投縣
1胎,男,45～49歲,1,南投縣
1胎,男,50歲以上,1,南投縣
1胎,男,未滿15歲,1,南投縣
2胎,女,15～19歲,5,南投縣
2胎,女,20～24歲,61,南投縣
2胎,女,25～29歲,121,南投縣
2胎,女,30～34歲,203,南投縣
2胎,女,35～39歲,116,南投縣
2胎,女,40～44歲,19,南投縣
2胎,女,45～49歲,1,南投縣
2胎,女,50歲以上,0,南投縣
2胎,女,未滿15歲,0,南投縣
2胎,男,15～19歲,6,南投縣
2胎,男,20～24歲,68,南投縣
2胎,男,25～29歲,166,南投縣
2胎,男,30～34歲,249,南投縣
2胎,男,35～39歲,115,南投縣
2胎,男,40～44歲,19,南投縣
2胎,男,45～49歲,0,南投縣
2胎,男,50歲以上,0,南投縣
2胎,男,未滿15歲,0,南投縣
3胎,女,15～19歲,0,南投縣
3胎,女,20～24歲,22,南投縣
3胎,女,25～29歲,41,南投縣
3胎,女,30～34歲,58,南投縣
3胎,女,35～39歲,59,南投縣
3胎,女,40～44歲,19,南投縣
3胎,女,45～49歲,1,南投縣
3胎,女,50歲以上,0,南投縣
3胎,女,未滿15歲,0,南投縣
3胎,男,15～19歲,0,南投縣
3胎,男,20～24歲,19,南投縣
3胎,男,25～29歲,40,南投縣
3胎,男,30～34歲,79,南投縣
3胎,男,35～39歲,55,南投縣
3胎,男,40～44歲,10,南投縣
3胎,男,45～49歲,1,南投縣
3胎,男,50歲以上,0,南投縣
3胎,男,未滿15歲,0,南投縣
4胎,女,15～19歲,0,南投縣
4胎,女,20～24歲,1,南投縣
4胎,女,25～29歲,6,南投縣
4胎,女,30～34歲,17,南投縣
4胎,女,35～39歲,8,南投縣
4胎,女,40～44歲,6,南投縣
4胎,女,45～49歲,1,南投縣
4胎,女,50歲以上,0,南投縣
4胎,女,未滿15歲,0,南投縣
4胎,男,15～19歲,0,南投縣
4胎,男,20～24歲,4,南投縣
4胎,男,25～29歲,6,南投縣
4胎,男,30～34歲,18,南投縣
4胎,男,35～39歲,27,南投縣
4胎,男,40～44歲,8,南投縣
4胎,男,45～49歲,1,南投縣
4胎,男,50歲以上,0,南投縣
4胎,男,未滿15歲,0,南投縣
5胎,女,15～19歲,0,南投縣
5胎,女,20～24歲,0,南投縣
5胎,女,25～29歲,5,南投縣
5胎,女,30～34歲,8,南投縣
5胎,女,35～39歲,5,南投縣
5胎,女,40～44歲,2,南投縣
5胎,女,45～49歲,0,南投縣
5胎,女,50歲以上,0,南投縣
5胎,女,未滿15歲,0,南投縣
5胎,男,15～19歲,0,南投縣
5胎,男,20～24歲,0,南投縣
5胎,男,25～29歲,6,南投縣
5胎,男,30～34歲,6,南投縣
5胎,男,35～39歲,6,南投縣
5胎,男,40～44歲,2,南投縣
5胎,男,45～49歲,0,南投縣
5胎,男,50歲以上,0,南投縣
5胎,男,未滿15歲,0,南投縣
6胎,女,15～19歲,0,南投縣
6胎,女,20～24歲,0,南投縣
6胎,女,25～29歲,0,南投縣
6胎,女,30～34歲,3,南投縣
6胎,女,35～39歲,4,南投縣
6胎,女,40～44歲,3,南投縣
6胎,女,45～49歲,0,南投縣
6胎,女,50歲以上,0,南投縣
6胎,女,未滿15歲,0,南投縣
6胎,男,15～19歲,0,南投縣
6胎,男,20～24歲,0,南投縣
6胎,男,25～29歲,1,南投縣
6胎,男,30～34歲,1,南投縣
6胎,男,35～39歲,2,南投縣
6胎,男,40～44歲,0,南投縣
6胎,男,45～49歲,0,南投縣
6胎,男,50歲以上,0,南投縣
6胎,男,未滿15歲,0,南投縣
7胎,女,15～19歲,0,南投縣
7胎,女,20～24歲,0,南投縣
7胎,女,25～29歲,0,南投縣
7胎,女,30～34歲,1,南投縣
7胎,女,35～39歲,1,南投縣
7胎,女,40～44歲,0,南投縣
7胎,女,45～49歲,0,南投縣
7胎,女,50歲以上,0,南投縣
7胎,女,未滿15歲,0,南投縣
7胎,男,15～19歲,0,南投縣
7胎,男,20～24歲,0,南投縣
7胎,男,25～29歲,0,南投縣
7胎,男,30～34歲,0,南投縣
7胎,男,35～39歲,1,南投縣
7胎,男,40～44歲,2,南投縣
7胎,男,45～49歲,0,南投縣
7胎,男,50歲以上,0,南投縣
7胎,男,未滿15歲,0,南投縣
8胎,女,15～19歲,0,南投縣
8胎,女,20～24歲,0,南投縣
8胎,女,25～29歲,0,南投縣
8胎,女,30～34歲,0,南投縣
8胎,女,35～39歲,0,南投縣
8胎,女,40～44歲,0,南投縣
8胎,女,45～49歲,0,南投縣
8胎,女,50歲以上,0,南投縣
8胎,女,未滿15歲,0,南投縣
8胎,男,15～19歲,0,南投縣
8胎,男,20～24歲,0,南投縣
8胎,男,25～29歲,0,南投縣
8胎,男,30～34歲,0,南投縣
8胎,男,35～39歲,1,南投縣
8胎,男,40～44歲,0,南投縣
8胎,男,45～49歲,0,南投縣
8胎,男,50歲以上,0,南投縣
8胎,男,未滿15歲,0,南投縣
9胎以上,女,15～19歲,0,南投縣
9胎以上,女,20～24歲,0,南投縣
9胎以上,女,25～29歲,0,南投縣
9胎以上,女,30～34歲,0,南投縣
9胎以上,女,35～39歲,0,南投縣
9胎以上,女,40～44歲,0,南投縣
9胎以上,女,45～49歲,0,南投縣
9胎以上,女,50歲以上,0,南投縣
9胎以上,女,未滿15歲,0,南投縣
9胎以上,男,15～19歲,0,南投縣
9胎以上,男,20～24歲,0,南投縣
9胎以上,男,25～29歲,0,南投縣
9胎以上,男,30～34歲,0,南投縣
9胎以上,男,35～39歲,0,南投縣
9胎以上,男,40～44歲,0,南投縣
9胎以上,男,45～49歲,0,南投縣
9胎以上,男,50歲以上,0,南投縣
9胎以上,男,未滿15歲,0,南投縣
1胎,女,15～19歲,39,雲林縣
1胎,女,20～24歲,170,雲林縣
1胎,女,25～29歲,301,雲林縣
1胎,女,30～34歲,244,雲林縣
1胎,女,35～39歲,138,雲林縣
1胎,女,40～44歲,25,雲林縣
1胎,女,45～49歲,1,雲林縣
1胎,女,50歲以上,0,雲林縣
1胎,女,未滿15歲,1,雲林縣
1胎,男,15～19歲,50,雲林縣
1胎,男,20～24歲,177,雲林縣
1胎,男,25～29歲,307,雲林縣
1胎,男,30～34歲,281,雲林縣
1胎,男,35～39歲,139,雲林縣
1胎,男,40～44歲,28,雲林縣
1胎,男,45～49歲,1,雲林縣
1胎,男,50歲以上,0,雲林縣
1胎,男,未滿15歲,0,雲林縣
2胎,女,15～19歲,2,雲林縣
2胎,女,20～24歲,79,雲林縣
2胎,女,25～29歲,171,雲林縣
2胎,女,30～34歲,281,雲林縣
2胎,女,35～39歲,160,雲林縣
2胎,女,40～44歲,25,雲林縣
2胎,女,45～49歲,0,雲林縣
2胎,女,50歲以上,0,雲林縣
2胎,女,未滿15歲,0,雲林縣
2胎,男,15～19歲,6,雲林縣
2胎,男,20～24歲,74,雲林縣
2胎,男,25～29歲,210,雲林縣
2胎,男,30～34歲,279,雲林縣
2胎,男,35～39歲,165,雲林縣
2胎,男,40～44歲,26,雲林縣
2胎,男,45～49歲,1,雲林縣
2胎,男,50歲以上,0,雲林縣
2胎,男,未滿15歲,0,雲林縣
3胎,女,15～19歲,0,雲林縣
3胎,女,20～24歲,12,雲林縣
3胎,女,25～29歲,40,雲林縣
3胎,女,30～34歲,77,雲林縣
3胎,女,35～39歲,89,雲林縣
3胎,女,40～44歲,17,雲林縣
3胎,女,45～49歲,0,雲林縣
3胎,女,50歲以上,0,雲林縣
3胎,女,未滿15歲,0,雲林縣
3胎,男,15～19歲,0,雲林縣
3胎,男,20～24歲,15,雲林縣
3胎,男,25～29歲,52,雲林縣
3胎,男,30～34歲,115,雲林縣
3胎,男,35～39歲,113,雲林縣
3胎,男,40～44歲,26,雲林縣
3胎,男,45～49歲,0,雲林縣
3胎,男,50歲以上,0,雲林縣
3胎,男,未滿15歲,0,雲林縣
4胎,女,15～19歲,0,雲林縣
4胎,女,20～24歲,5,雲林縣
4胎,女,25～29歲,8,雲林縣
4胎,女,30～34歲,13,雲林縣
4胎,女,35～39歲,16,雲林縣
4胎,女,40～44歲,9,雲林縣
4胎,女,45～49歲,1,雲林縣
4胎,女,50歲以上,0,雲林縣
4胎,女,未滿15歲,0,雲林縣
4胎,男,15～19歲,0,雲林縣
4胎,男,20～24歲,5,雲林縣
4胎,男,25～29歲,12,雲林縣
4胎,男,30～34歲,21,雲林縣
4胎,男,35～39歲,25,雲林縣
4胎,男,40～44歲,10,雲林縣
4胎,男,45～49歲,1,雲林縣
4胎,男,50歲以上,0,雲林縣
4胎,男,未滿15歲,0,雲林縣
5胎,女,15～19歲,0,雲林縣
5胎,女,20～24歲,0,雲林縣
5胎,女,25～29歲,2,雲林縣
5胎,女,30～34歲,2,雲林縣
5胎,女,35～39歲,3,雲林縣
5胎,女,40～44歲,5,雲林縣
5胎,女,45～49歲,0,雲林縣
5胎,女,50歲以上,0,雲林縣
5胎,女,未滿15歲,0,雲林縣
5胎,男,15～19歲,0,雲林縣
5胎,男,20～24歲,0,雲林縣
5胎,男,25～29歲,2,雲林縣
5胎,男,30～34歲,6,雲林縣
5胎,男,35～39歲,7,雲林縣
5胎,男,40～44歲,0,雲林縣
5胎,男,45～49歲,0,雲林縣
5胎,男,50歲以上,0,雲林縣
5胎,男,未滿15歲,0,雲林縣
6胎,女,15～19歲,0,雲林縣
6胎,女,20～24歲,0,雲林縣
6胎,女,25～29歲,1,雲林縣
6胎,女,30～34歲,2,雲林縣
6胎,女,35～39歲,2,雲林縣
6胎,女,40～44歲,0,雲林縣
6胎,女,45～49歲,0,雲林縣
6胎,女,50歲以上,0,雲林縣
6胎,女,未滿15歲,0,雲林縣
6胎,男,15～19歲,0,雲林縣
6胎,男,20～24歲,0,雲林縣
6胎,男,25～29歲,0,雲林縣
6胎,男,30～34歲,2,雲林縣
6胎,男,35～39歲,0,雲林縣
6胎,男,40～44歲,0,雲林縣
6胎,男,45～49歲,0,雲林縣
6胎,男,50歲以上,0,雲林縣
6胎,男,未滿15歲,0,雲林縣
7胎,女,15～19歲,0,雲林縣
7胎,女,20～24歲,0,雲林縣
7胎,女,25～29歲,0,雲林縣
7胎,女,30～34歲,1,雲林縣
7胎,女,35～39歲,1,雲林縣
7胎,女,40～44歲,0,雲林縣
7胎,女,45～49歲,0,雲林縣
7胎,女,50歲以上,0,雲林縣
7胎,女,未滿15歲,0,雲林縣
7胎,男,15～19歲,0,雲林縣
7胎,男,20～24歲,0,雲林縣
7胎,男,25～29歲,0,雲林縣
7胎,男,30～34歲,0,雲林縣
7胎,男,35～39歲,0,雲林縣
7胎,男,40～44歲,1,雲林縣
7胎,男,45～49歲,0,雲林縣
7胎,男,50歲以上,0,雲林縣
7胎,男,未滿15歲,0,雲林縣
8胎,女,15～19歲,0,雲林縣
8胎,女,20～24歲,0,雲林縣
8胎,女,25～29歲,0,雲林縣
8胎,女,30～34歲,0,雲林縣
8胎,女,35～39歲,0,雲林縣
8胎,女,40～44歲,0,雲林縣
8胎,女,45～49歲,0,雲林縣
8胎,女,50歲以上,0,雲林縣
8胎,女,未滿15歲,0,雲林縣
8胎,男,15～19歲,0,雲林縣
8胎,男,20～24歲,0,雲林縣
8胎,男,25～29歲,0,雲林縣
8胎,男,30～34歲,0,雲林縣
8胎,男,35～39歲,0,雲林縣
8胎,男,40～44歲,0,雲林縣
8胎,男,45～49歲,0,雲林縣
8胎,男,50歲以上,0,雲林縣
8胎,男,未滿15歲,0,雲林縣
9胎以上,女,15～19歲,0,雲林縣
9胎以上,女,20～24歲,0,雲林縣
9胎以上,女,25～29歲,0,雲林縣
9胎以上,女,30～34歲,0,雲林縣
9胎以上,女,35～39歲,0,雲林縣
9胎以上,女,40～44歲,0,雲林縣
9胎以上,女,45～49歲,0,雲林縣
9胎以上,女,50歲以上,0,雲林縣
9胎以上,女,未滿15歲,0,雲林縣
9胎以上,男,15～19歲,0,雲林縣
9胎以上,男,20～24歲,0,雲林縣
9胎以上,男,25～29歲,0,雲林縣
9胎以上,男,30～34歲,0,雲林縣
9胎以上,男,35～39歲,0,雲林縣
9胎以上,男,40～44歲,0,雲林縣
9胎以上,男,45～49歲,0,雲林縣
9胎以上,男,50歲以上,0,雲林縣
9胎以上,男,未滿15歲,0,雲林縣
1胎,女,15～19歲,9,嘉義市
1胎,女,20～24歲,50,嘉義市
1胎,女,25～29歲,117,嘉義市
1胎,女,30～34歲,166,嘉義市
1胎,女,35～39歲,68,嘉義市
1胎,女,40～44歲,10,嘉義市
1胎,女,45～49歲,0,嘉義市
1胎,女,50歲以上,0,嘉義市
1胎,女,未滿15歲,0,嘉義市
1胎,男,15～19歲,21,嘉義市
1胎,男,20～24歲,51,嘉義市
1胎,男,25～29歲,140,嘉義市
1胎,男,30～34歲,192,嘉義市
1胎,男,35～39歲,83,嘉義市
1胎,男,40～44歲,11,嘉義市
1胎,男,45～49歲,0,嘉義市
1胎,男,50歲以上,0,嘉義市
1胎,男,未滿15歲,0,嘉義市
2胎,女,15～19歲,0,嘉義市
2胎,女,20～24歲,16,嘉義市
2胎,女,25～29歲,54,嘉義市
2胎,女,30～34歲,145,嘉義市
2胎,女,35～39歲,107,嘉義市
2胎,女,40～44歲,14,嘉義市
2胎,女,45～49歲,1,嘉義市
2胎,女,50歲以上,0,嘉義市
2胎,女,未滿15歲,0,嘉義市
2胎,男,15～19歲,2,嘉義市
2胎,男,20～24歲,24,嘉義市
2胎,男,25～29歲,78,嘉義市
2胎,男,30～34歲,157,嘉義市
2胎,男,35～39歲,110,嘉義市
2胎,男,40～44歲,18,嘉義市
2胎,男,45～49歲,1,嘉義市
2胎,男,50歲以上,0,嘉義市
2胎,男,未滿15歲,0,嘉義市
3胎,女,15～19歲,0,嘉義市
3胎,女,20～24歲,5,嘉義市
3胎,女,25～29歲,13,嘉義市
3胎,女,30～34歲,25,嘉義市
3胎,女,35～39歲,33,嘉義市
3胎,女,40～44歲,10,嘉義市
3胎,女,45～49歲,0,嘉義市
3胎,女,50歲以上,0,嘉義市
3胎,女,未滿15歲,0,嘉義市
3胎,男,15～19歲,0,嘉義市
3胎,男,20～24歲,5,嘉義市
3胎,男,25～29歲,17,嘉義市
3胎,男,30～34歲,43,嘉義市
3胎,男,35～39歲,28,嘉義市
3胎,男,40～44歲,8,嘉義市
3胎,男,45～49歲,1,嘉義市
3胎,男,50歲以上,0,嘉義市
3胎,男,未滿15歲,0,嘉義市
4胎,女,15～19歲,0,嘉義市
4胎,女,20～24歲,0,嘉義市
4胎,女,25～29歲,1,嘉義市
4胎,女,30～34歲,5,嘉義市
4胎,女,35～39歲,13,嘉義市
4胎,女,40～44歲,0,嘉義市
4胎,女,45～49歲,0,嘉義市
4胎,女,50歲以上,0,嘉義市
4胎,女,未滿15歲,0,嘉義市
4胎,男,15～19歲,0,嘉義市
4胎,男,20～24歲,0,嘉義市
4胎,男,25～29歲,4,嘉義市
4胎,男,30～34歲,8,嘉義市
4胎,男,35～39歲,5,嘉義市
4胎,男,40～44歲,5,嘉義市
4胎,男,45～49歲,0,嘉義市
4胎,男,50歲以上,0,嘉義市
4胎,男,未滿15歲,0,嘉義市
5胎,女,15～19歲,0,嘉義市
5胎,女,20～24歲,1,嘉義市
5胎,女,25～29歲,1,嘉義市
5胎,女,30～34歲,0,嘉義市
5胎,女,35～39歲,1,嘉義市
5胎,女,40～44歲,1,嘉義市
5胎,女,45～49歲,0,嘉義市
5胎,女,50歲以上,0,嘉義市
5胎,女,未滿15歲,0,嘉義市
5胎,男,15～19歲,0,嘉義市
5胎,男,20～24歲,0,嘉義市
5胎,男,25～29歲,0,嘉義市
5胎,男,30～34歲,0,嘉義市
5胎,男,35～39歲,1,嘉義市
5胎,男,40～44歲,1,嘉義市
5胎,男,45～49歲,0,嘉義市
5胎,男,50歲以上,0,嘉義市
5胎,男,未滿15歲,0,嘉義市
6胎,女,15～19歲,0,嘉義市
6胎,女,20～24歲,0,嘉義市
6胎,女,25～29歲,0,嘉義市
6胎,女,30～34歲,1,嘉義市
6胎,女,35～39歲,2,嘉義市
6胎,女,40～44歲,0,嘉義市
6胎,女,45～49歲,0,嘉義市
6胎,女,50歲以上,0,嘉義市
6胎,女,未滿15歲,0,嘉義市
6胎,男,15～19歲,0,嘉義市
6胎,男,20～24歲,0,嘉義市
6胎,男,25～29歲,0,嘉義市
6胎,男,30～34歲,0,嘉義市
6胎,男,35～39歲,0,嘉義市
6胎,男,40～44歲,1,嘉義市
6胎,男,45～49歲,0,嘉義市
6胎,男,50歲以上,0,嘉義市
6胎,男,未滿15歲,0,嘉義市
7胎,女,15～19歲,0,嘉義市
7胎,女,20～24歲,0,嘉義市
7胎,女,25～29歲,0,嘉義市
7胎,女,30～34歲,0,嘉義市
7胎,女,35～39歲,0,嘉義市
7胎,女,40～44歲,1,嘉義市
7胎,女,45～49歲,0,嘉義市
7胎,女,50歲以上,0,嘉義市
7胎,女,未滿15歲,0,嘉義市
7胎,男,15～19歲,0,嘉義市
7胎,男,20～24歲,0,嘉義市
7胎,男,25～29歲,0,嘉義市
7胎,男,30～34歲,1,嘉義市
7胎,男,35～39歲,0,嘉義市
7胎,男,40～44歲,0,嘉義市
7胎,男,45～49歲,0,嘉義市
7胎,男,50歲以上,0,嘉義市
7胎,男,未滿15歲,0,嘉義市
8胎,女,15～19歲,0,嘉義市
8胎,女,20～24歲,0,嘉義市
8胎,女,25～29歲,0,嘉義市
8胎,女,30～34歲,0,嘉義市
8胎,女,35～39歲,0,嘉義市
8胎,女,40～44歲,0,嘉義市
8胎,女,45～49歲,0,嘉義市
8胎,女,50歲以上,0,嘉義市
8胎,女,未滿15歲,0,嘉義市
8胎,男,15～19歲,0,嘉義市
8胎,男,20～24歲,0,嘉義市
8胎,男,25～29歲,0,嘉義市
8胎,男,30～34歲,0,嘉義市
8胎,男,35～39歲,0,嘉義市
8胎,男,40～44歲,0,嘉義市
8胎,男,45～49歲,0,嘉義市
8胎,男,50歲以上,0,嘉義市
8胎,男,未滿15歲,0,嘉義市
9胎以上,女,15～19歲,0,嘉義市
9胎以上,女,20～24歲,0,嘉義市
9胎以上,女,25～29歲,0,嘉義市
9胎以上,女,30～34歲,0,嘉義市
9胎以上,女,35～39歲,0,嘉義市
9胎以上,女,40～44歲,0,嘉義市
9胎以上,女,45～49歲,0,嘉義市
9胎以上,女,50歲以上,0,嘉義市
9胎以上,女,未滿15歲,0,嘉義市
9胎以上,男,15～19歲,0,嘉義市
9胎以上,男,20～24歲,0,嘉義市
9胎以上,男,25～29歲,0,嘉義市
9胎以上,男,30～34歲,0,嘉義市
9胎以上,男,35～39歲,0,嘉義市
9胎以上,男,40～44歲,0,嘉義市
9胎以上,男,45～49歲,0,嘉義市
9胎以上,男,50歲以上,0,嘉義市
9胎以上,男,未滿15歲,0,嘉義市
1胎,女,15～19歲,26,嘉義縣
1胎,女,20～24歲,125,嘉義縣
1胎,女,25～29歲,205,嘉義縣
1胎,女,30～34歲,187,嘉義縣
1胎,女,35～39歲,95,嘉義縣
1胎,女,40～44歲,19,嘉義縣
1胎,女,45～49歲,1,嘉義縣
1胎,女,50歲以上,0,嘉義縣
1胎,女,未滿15歲,0,嘉義縣
1胎,男,15～19歲,16,嘉義縣
1胎,男,20～24歲,115,嘉義縣
1胎,男,25～29歲,207,嘉義縣
1胎,男,30～34歲,194,嘉義縣
1胎,男,35～39歲,100,嘉義縣
1胎,男,40～44歲,15,嘉義縣
1胎,男,45～49歲,1,嘉義縣
1胎,男,50歲以上,0,嘉義縣
1胎,男,未滿15歲,0,嘉義縣
2胎,女,15～19歲,4,嘉義縣
2胎,女,20～24歲,59,嘉義縣
2胎,女,25～29歲,115,嘉義縣
2胎,女,30～34歲,141,嘉義縣
2胎,女,35～39歲,90,嘉義縣
2胎,女,40～44歲,11,嘉義縣
2胎,女,45～49歲,0,嘉義縣
2胎,女,50歲以上,0,嘉義縣
2胎,女,未滿15歲,0,嘉義縣
2胎,男,15～19歲,8,嘉義縣
2胎,男,20～24歲,63,嘉義縣
2胎,男,25～29歲,132,嘉義縣
2胎,男,30～34歲,150,嘉義縣
2胎,男,35～39歲,84,嘉義縣
2胎,男,40～44歲,17,嘉義縣
2胎,男,45～49歲,0,嘉義縣
2胎,男,50歲以上,0,嘉義縣
2胎,男,未滿15歲,0,嘉義縣
3胎,女,15～19歲,0,嘉義縣
3胎,女,20～24歲,13,嘉義縣
3胎,女,25～29歲,27,嘉義縣
3胎,女,30～34歲,38,嘉義縣
3胎,女,35～39歲,44,嘉義縣
3胎,女,40～44歲,13,嘉義縣
3胎,女,45～49歲,1,嘉義縣
3胎,女,50歲以上,0,嘉義縣
3胎,女,未滿15歲,0,嘉義縣
3胎,男,15～19歲,1,嘉義縣
3胎,男,20～24歲,7,嘉義縣
3胎,男,25～29歲,36,嘉義縣
3胎,男,30～34歲,53,嘉義縣
3胎,男,35～39歲,43,嘉義縣
3胎,男,40～44歲,7,嘉義縣
3胎,男,45～49歲,0,嘉義縣
3胎,男,50歲以上,0,嘉義縣
3胎,男,未滿15歲,0,嘉義縣
4胎,女,15～19歲,0,嘉義縣
4胎,女,20～24歲,0,嘉義縣
4胎,女,25～29歲,6,嘉義縣
4胎,女,30～34歲,19,嘉義縣
4胎,女,35～39歲,9,嘉義縣
4胎,女,40～44歲,3,嘉義縣
4胎,女,45～49歲,0,嘉義縣
4胎,女,50歲以上,0,嘉義縣
4胎,女,未滿15歲,0,嘉義縣
4胎,男,15～19歲,0,嘉義縣
4胎,男,20～24歲,0,嘉義縣
4胎,男,25～29歲,11,嘉義縣
4胎,男,30～34歲,9,嘉義縣
4胎,男,35～39歲,12,嘉義縣
4胎,男,40～44歲,7,嘉義縣
4胎,男,45～49歲,0,嘉義縣
4胎,男,50歲以上,0,嘉義縣
4胎,男,未滿15歲,0,嘉義縣
5胎,女,15～19歲,0,嘉義縣
5胎,女,20～24歲,0,嘉義縣
5胎,女,25～29歲,0,嘉義縣
5胎,女,30～34歲,0,嘉義縣
5胎,女,35～39歲,4,嘉義縣
5胎,女,40～44歲,0,嘉義縣
5胎,女,45～49歲,0,嘉義縣
5胎,女,50歲以上,0,嘉義縣
5胎,女,未滿15歲,0,嘉義縣
5胎,男,15～19歲,0,嘉義縣
5胎,男,20～24歲,0,嘉義縣
5胎,男,25～29歲,1,嘉義縣
5胎,男,30～34歲,6,嘉義縣
5胎,男,35～39歲,2,嘉義縣
5胎,男,40～44歲,1,嘉義縣
5胎,男,45～49歲,0,嘉義縣
5胎,男,50歲以上,0,嘉義縣
5胎,男,未滿15歲,0,嘉義縣
6胎,女,15～19歲,0,嘉義縣
6胎,女,20～24歲,0,嘉義縣
6胎,女,25～29歲,0,嘉義縣
6胎,女,30～34歲,1,嘉義縣
6胎,女,35～39歲,0,嘉義縣
6胎,女,40～44歲,0,嘉義縣
6胎,女,45～49歲,0,嘉義縣
6胎,女,50歲以上,0,嘉義縣
6胎,女,未滿15歲,0,嘉義縣
6胎,男,15～19歲,0,嘉義縣
6胎,男,20～24歲,0,嘉義縣
6胎,男,25～29歲,0,嘉義縣
6胎,男,30～34歲,1,嘉義縣
6胎,男,35～39歲,1,嘉義縣
6胎,男,40～44歲,1,嘉義縣
6胎,男,45～49歲,0,嘉義縣
6胎,男,50歲以上,0,嘉義縣
6胎,男,未滿15歲,0,嘉義縣
7胎,女,15～19歲,0,嘉義縣
7胎,女,20～24歲,0,嘉義縣
7胎,女,25～29歲,0,嘉義縣
7胎,女,30～34歲,1,嘉義縣
7胎,女,35～39歲,0,嘉義縣
7胎,女,40～44歲,0,嘉義縣
7胎,女,45～49歲,0,嘉義縣
7胎,女,50歲以上,0,嘉義縣
7胎,女,未滿15歲,0,嘉義縣
7胎,男,15～19歲,0,嘉義縣
7胎,男,20～24歲,0,嘉義縣
7胎,男,25～29歲,0,嘉義縣
7胎,男,30～34歲,0,嘉義縣
7胎,男,35～39歲,0,嘉義縣
7胎,男,40～44歲,0,嘉義縣
7胎,男,45～49歲,0,嘉義縣
7胎,男,50歲以上,0,嘉義縣
7胎,男,未滿15歲,0,嘉義縣
8胎,女,15～19歲,0,嘉義縣
8胎,女,20～24歲,0,嘉義縣
8胎,女,25～29歲,0,嘉義縣
8胎,女,30～34歲,1,嘉義縣
8胎,女,35～39歲,0,嘉義縣
8胎,女,40～44歲,0,嘉義縣
8胎,女,45～49歲,0,嘉義縣
8胎,女,50歲以上,0,嘉義縣
8胎,女,未滿15歲,0,嘉義縣
8胎,男,15～19歲,0,嘉義縣
8胎,男,20～24歲,0,嘉義縣
8胎,男,25～29歲,0,嘉義縣
8胎,男,30～34歲,0,嘉義縣
8胎,男,35～39歲,0,嘉義縣
8胎,男,40～44歲,0,嘉義縣
8胎,男,45～49歲,0,嘉義縣
8胎,男,50歲以上,0,嘉義縣
8胎,男,未滿15歲,0,嘉義縣
9胎以上,女,15～19歲,0,嘉義縣
9胎以上,女,20～24歲,0,嘉義縣
9胎以上,女,25～29歲,0,嘉義縣
9胎以上,女,30～34歲,0,嘉義縣
9胎以上,女,35～39歲,0,嘉義縣
9胎以上,女,40～44歲,0,嘉義縣
9胎以上,女,45～49歲,0,嘉義縣
9胎以上,女,50歲以上,0,嘉義縣
9胎以上,女,未滿15歲,0,嘉義縣
9胎以上,男,15～19歲,0,嘉義縣
9胎以上,男,20～24歲,0,嘉義縣
9胎以上,男,25～29歲,0,嘉義縣
9胎以上,男,30～34歲,0,嘉義縣
9胎以上,男,35～39歲,0,嘉義縣
9胎以上,男,40～44歲,0,嘉義縣
9胎以上,男,45～49歲,0,嘉義縣
9胎以上,男,50歲以上,0,嘉義縣
9胎以上,男,未滿15歲,0,嘉義縣
1胎,女,15～19歲,58,臺南市
1胎,女,20～24歲,300,臺南市
1胎,女,25～29歲,892,臺南市
1胎,女,30～34歲,1104,臺南市
1胎,女,35～39歲,528,臺南市
1胎,女,40～44歲,73,臺南市
1胎,女,45～49歲,7,臺南市
1胎,女,50歲以上,0,臺南市
1胎,女,未滿15歲,1,臺南市
1胎,男,15～19歲,68,臺南市
1胎,男,20～24歲,356,臺南市
1胎,男,25～29歲,923,臺南市
1胎,男,30～34歲,1121,臺南市
1胎,男,35～39歲,588,臺南市
1胎,男,40～44歲,94,臺南市
1胎,男,45～49歲,8,臺南市
1胎,男,50歲以上,0,臺南市
1胎,男,未滿15歲,0,臺南市
2胎,女,15～19歲,10,臺南市
2胎,女,20～24歲,103,臺南市
2胎,女,25～29歲,420,臺南市
2胎,女,30～34歲,996,臺南市
2胎,女,35～39歲,699,臺南市
2胎,女,40～44歲,102,臺南市
2胎,女,45～49歲,5,臺南市
2胎,女,50歲以上,0,臺南市
2胎,女,未滿15歲,0,臺南市
2胎,男,15～19歲,2,臺南市
2胎,男,20～24歲,110,臺南市
2胎,男,25～29歲,462,臺南市
2胎,男,30～34歲,1006,臺南市
2胎,男,35～39歲,786,臺南市
2胎,男,40～44歲,118,臺南市
2胎,男,45～49歲,4,臺南市
2胎,男,50歲以上,0,臺南市
2胎,男,未滿15歲,0,臺南市
3胎,女,15～19歲,0,臺南市
3胎,女,20～24歲,16,臺南市
3胎,女,25～29歲,73,臺南市
3胎,女,30～34歲,194,臺南市
3胎,女,35～39歲,222,臺南市
3胎,女,40～44歲,63,臺南市
3胎,女,45～49歲,4,臺南市
3胎,女,50歲以上,0,臺南市
3胎,女,未滿15歲,0,臺南市
3胎,男,15～19歲,0,臺南市
3胎,男,20～24歲,20,臺南市
3胎,男,25～29歲,73,臺南市
3胎,男,30～34歲,185,臺南市
3胎,男,35～39歲,240,臺南市
3胎,男,40～44歲,58,臺南市
3胎,男,45～49歲,1,臺南市
3胎,男,50歲以上,0,臺南市
3胎,男,未滿15歲,0,臺南市
4胎,女,15～19歲,0,臺南市
4胎,女,20～24歲,2,臺南市
4胎,女,25～29歲,11,臺南市
4胎,女,30～34歲,33,臺南市
4胎,女,35～39歲,47,臺南市
4胎,女,40～44歲,10,臺南市
4胎,女,45～49歲,2,臺南市
4胎,女,50歲以上,0,臺南市
4胎,女,未滿15歲,0,臺南市
4胎,男,15～19歲,0,臺南市
4胎,男,20～24歲,7,臺南市
4胎,男,25～29歲,15,臺南市
4胎,男,30～34歲,34,臺南市
4胎,男,35～39歲,47,臺南市
4胎,男,40～44歲,17,臺南市
4胎,男,45～49歲,1,臺南市
4胎,男,50歲以上,0,臺南市
4胎,男,未滿15歲,0,臺南市
5胎,女,15～19歲,0,臺南市
5胎,女,20～24歲,0,臺南市
5胎,女,25～29歲,1,臺南市
5胎,女,30～34歲,9,臺南市
5胎,女,35～39歲,6,臺南市
5胎,女,40～44歲,2,臺南市
5胎,女,45～49歲,0,臺南市
5胎,女,50歲以上,0,臺南市
5胎,女,未滿15歲,0,臺南市
5胎,男,15～19歲,0,臺南市
5胎,男,20～24歲,1,臺南市
5胎,男,25～29歲,3,臺南市
5胎,男,30～34歲,8,臺南市
5胎,男,35～39歲,4,臺南市
5胎,男,40～44歲,6,臺南市
5胎,男,45～49歲,0,臺南市
5胎,男,50歲以上,2,臺南市
5胎,男,未滿15歲,0,臺南市
6胎,女,15～19歲,0,臺南市
6胎,女,20～24歲,0,臺南市
6胎,女,25～29歲,0,臺南市
6胎,女,30～34歲,1,臺南市
6胎,女,35～39歲,4,臺南市
6胎,女,40～44歲,2,臺南市
6胎,女,45～49歲,0,臺南市
6胎,女,50歲以上,0,臺南市
6胎,女,未滿15歲,0,臺南市
6胎,男,15～19歲,0,臺南市
6胎,男,20～24歲,0,臺南市
6胎,男,25～29歲,0,臺南市
6胎,男,30～34歲,1,臺南市
6胎,男,35～39歲,2,臺南市
6胎,男,40～44歲,1,臺南市
6胎,男,45～49歲,0,臺南市
6胎,男,50歲以上,0,臺南市
6胎,男,未滿15歲,0,臺南市
7胎,女,15～19歲,0,臺南市
7胎,女,20～24歲,0,臺南市
7胎,女,25～29歲,0,臺南市
7胎,女,30～34歲,1,臺南市
7胎,女,35～39歲,0,臺南市
7胎,女,40～44歲,0,臺南市
7胎,女,45～49歲,0,臺南市
7胎,女,50歲以上,0,臺南市
7胎,女,未滿15歲,0,臺南市
7胎,男,15～19歲,0,臺南市
7胎,男,20～24歲,0,臺南市
7胎,男,25～29歲,1,臺南市
7胎,男,30～34歲,0,臺南市
7胎,男,35～39歲,0,臺南市
7胎,男,40～44歲,1,臺南市
7胎,男,45～49歲,0,臺南市
7胎,男,50歲以上,0,臺南市
7胎,男,未滿15歲,0,臺南市
8胎,女,15～19歲,0,臺南市
8胎,女,20～24歲,0,臺南市
8胎,女,25～29歲,0,臺南市
8胎,女,30～34歲,0,臺南市
8胎,女,35～39歲,3,臺南市
8胎,女,40～44歲,0,臺南市
8胎,女,45～49歲,0,臺南市
8胎,女,50歲以上,0,臺南市
8胎,女,未滿15歲,0,臺南市
8胎,男,15～19歲,0,臺南市
8胎,男,20～24歲,0,臺南市
8胎,男,25～29歲,0,臺南市
8胎,男,30～34歲,0,臺南市
8胎,男,35～39歲,0,臺南市
8胎,男,40～44歲,0,臺南市
8胎,男,45～49歲,0,臺南市
8胎,男,50歲以上,0,臺南市
8胎,男,未滿15歲,0,臺南市
9胎以上,女,15～19歲,0,臺南市
9胎以上,女,20～24歲,0,臺南市
9胎以上,女,25～29歲,0,臺南市
9胎以上,女,30～34歲,0,臺南市
9胎以上,女,35～39歲,0,臺南市
9胎以上,女,40～44歲,0,臺南市
9胎以上,女,45～49歲,0,臺南市
9胎以上,女,50歲以上,0,臺南市
9胎以上,女,未滿15歲,0,臺南市
9胎以上,男,15～19歲,0,臺南市
9胎以上,男,20～24歲,0,臺南市
9胎以上,男,25～29歲,0,臺南市
9胎以上,男,30～34歲,0,臺南市
9胎以上,男,35～39歲,1,臺南市
9胎以上,男,40～44歲,0,臺南市
9胎以上,男,45～49歲,0,臺南市
9胎以上,男,50歲以上,0,臺南市
9胎以上,男,未滿15歲,0,臺南市
1胎,女,15～19歲,106,高雄市
1胎,女,20～24歲,583,高雄市
1胎,女,25～29歲,1438,高雄市
1胎,女,30～34歲,1756,高雄市
1胎,女,35～39歲,932,高雄市
1胎,女,40～44歲,179,高雄市
1胎,女,45～49歲,15,高雄市
1胎,女,50歲以上,1,高雄市
1胎,女,未滿15歲,2,高雄市
1胎,男,15～19歲,119,高雄市
1胎,男,20～24歲,631,高雄市
1胎,男,25～29歲,1466,高雄市
1胎,男,30～34歲,1870,高雄市
1胎,男,35～39歲,1078,高雄市
1胎,男,40～44歲,175,高雄市
1胎,男,45～49歲,13,高雄市
1胎,男,50歲以上,1,高雄市
1胎,男,未滿15歲,0,高雄市
2胎,女,15～19歲,11,高雄市
2胎,女,20～24歲,183,高雄市
2胎,女,25～29歲,658,高雄市
2胎,女,30～34歲,1343,高雄市
2胎,女,35～39歲,1073,高雄市
2胎,女,40～44歲,175,高雄市
2胎,女,45～49歲,2,高雄市
2胎,女,50歲以上,0,高雄市
2胎,女,未滿15歲,0,高雄市
2胎,男,15～19歲,17,高雄市
2胎,男,20～24歲,216,高雄市
2胎,男,25～29歲,756,高雄市
2胎,男,30～34歲,1483,高雄市
2胎,男,35～39歲,1136,高雄市
2胎,男,40～44歲,223,高雄市
2胎,男,45～49歲,4,高雄市
2胎,男,50歲以上,0,高雄市
2胎,男,未滿15歲,0,高雄市
3胎,女,15～19歲,2,高雄市
3胎,女,20～24歲,41,高雄市
3胎,女,25～29歲,124,高雄市
3胎,女,30～34歲,302,高雄市
3胎,女,35～39歲,369,高雄市
3胎,女,40～44歲,91,高雄市
3胎,女,45～49歲,0,高雄市
3胎,女,50歲以上,1,高雄市
3胎,女,未滿15歲,0,高雄市
3胎,男,15～19歲,0,高雄市
3胎,男,20～24歲,41,高雄市
3胎,男,25～29歲,140,高雄市
3胎,男,30～34歲,341,高雄市
3胎,男,35～39歲,397,高雄市
3胎,男,40～44歲,98,高雄市
3胎,男,45～49歲,5,高雄市
3胎,男,50歲以上,1,高雄市
3胎,男,未滿15歲,0,高雄市
4胎,女,15～19歲,0,高雄市
4胎,女,20～24歲,10,高雄市
4胎,女,25～29歲,24,高雄市
4胎,女,30～34歲,62,高雄市
4胎,女,35～39歲,66,高雄市
4胎,女,40～44歲,23,高雄市
4胎,女,45～49歲,2,高雄市
4胎,女,50歲以上,0,高雄市
4胎,女,未滿15歲,0,高雄市
4胎,男,15～19歲,0,高雄市
4胎,男,20～24歲,8,高雄市
4胎,男,25～29歲,28,高雄市
4胎,男,30～34歲,47,高雄市
4胎,男,35～39歲,88,高雄市
4胎,男,40～44歲,25,高雄市
4胎,男,45～49歲,1,高雄市
4胎,男,50歲以上,0,高雄市
4胎,男,未滿15歲,0,高雄市
5胎,女,15～19歲,0,高雄市
5胎,女,20～24歲,2,高雄市
5胎,女,25～29歲,7,高雄市
5胎,女,30～34歲,14,高雄市
5胎,女,35～39歲,11,高雄市
5胎,女,40～44歲,4,高雄市
5胎,女,45～49歲,1,高雄市
5胎,女,50歲以上,0,高雄市
5胎,女,未滿15歲,0,高雄市
5胎,男,15～19歲,0,高雄市
5胎,男,20～24歲,0,高雄市
5胎,男,25～29歲,8,高雄市
5胎,男,30～34歲,16,高雄市
5胎,男,35～39歲,12,高雄市
5胎,男,40～44歲,5,高雄市
5胎,男,45～49歲,1,高雄市
5胎,男,50歲以上,0,高雄市
5胎,男,未滿15歲,0,高雄市
6胎,女,15～19歲,0,高雄市
6胎,女,20～24歲,0,高雄市
6胎,女,25～29歲,0,高雄市
6胎,女,30～34歲,4,高雄市
6胎,女,35～39歲,10,高雄市
6胎,女,40～44歲,4,高雄市
6胎,女,45～49歲,0,高雄市
6胎,女,50歲以上,0,高雄市
6胎,女,未滿15歲,0,高雄市
6胎,男,15～19歲,0,高雄市
6胎,男,20～24歲,0,高雄市
6胎,男,25～29歲,1,高雄市
6胎,男,30～34歲,3,高雄市
6胎,男,35～39歲,3,高雄市
6胎,男,40～44歲,0,高雄市
6胎,男,45～49歲,0,高雄市
6胎,男,50歲以上,0,高雄市
6胎,男,未滿15歲,0,高雄市
7胎,女,15～19歲,0,高雄市
7胎,女,20～24歲,0,高雄市
7胎,女,25～29歲,0,高雄市
7胎,女,30～34歲,1,高雄市
7胎,女,35～39歲,2,高雄市
7胎,女,40～44歲,0,高雄市
7胎,女,45～49歲,0,高雄市
7胎,女,50歲以上,0,高雄市
7胎,女,未滿15歲,0,高雄市
7胎,男,15～19歲,0,高雄市
7胎,男,20～24歲,0,高雄市
7胎,男,25～29歲,0,高雄市
7胎,男,30～34歲,4,高雄市
7胎,男,35～39歲,1,高雄市
7胎,男,40～44歲,2,高雄市
7胎,男,45～49歲,0,高雄市
7胎,男,50歲以上,0,高雄市
7胎,男,未滿15歲,0,高雄市
8胎,女,15～19歲,0,高雄市
8胎,女,20～24歲,0,高雄市
8胎,女,25～29歲,0,高雄市
8胎,女,30～34歲,1,高雄市
8胎,女,35～39歲,1,高雄市
8胎,女,40～44歲,0,高雄市
8胎,女,45～49歲,0,高雄市
8胎,女,50歲以上,0,高雄市
8胎,女,未滿15歲,0,高雄市
8胎,男,15～19歲,0,高雄市
8胎,男,20～24歲,0,高雄市
8胎,男,25～29歲,1,高雄市
8胎,男,30～34歲,0,高雄市
8胎,男,35～39歲,1,高雄市
8胎,男,40～44歲,2,高雄市
8胎,男,45～49歲,0,高雄市
8胎,男,50歲以上,0,高雄市
8胎,男,未滿15歲,0,高雄市
9胎以上,女,15～19歲,0,高雄市
9胎以上,女,20～24歲,0,高雄市
9胎以上,女,25～29歲,0,高雄市
9胎以上,女,30～34歲,0,高雄市
9胎以上,女,35～39歲,0,高雄市
9胎以上,女,40～44歲,0,高雄市
9胎以上,女,45～49歲,0,高雄市
9胎以上,女,50歲以上,0,高雄市
9胎以上,女,未滿15歲,0,高雄市
9胎以上,男,15～19歲,0,高雄市
9胎以上,男,20～24歲,0,高雄市
9胎以上,男,25～29歲,0,高雄市
9胎以上,男,30～34歲,0,高雄市
9胎以上,男,35～39歲,2,高雄市
9胎以上,男,40～44歲,1,高雄市
9胎以上,男,45～49歲,0,高雄市
9胎以上,男,50歲以上,0,高雄市
9胎以上,男,未滿15歲,0,高雄市
1胎,女,15～19歲,47,屏東縣
1胎,女,20～24歲,232,屏東縣
1胎,女,25～29歲,321,屏東縣
1胎,女,30～34歲,275,屏東縣
1胎,女,35～39歲,167,屏東縣
1胎,女,40～44歲,29,屏東縣
1胎,女,45～49歲,1,屏東縣
1胎,女,50歲以上,0,屏東縣
1胎,女,未滿15歲,0,屏東縣
1胎,男,15～19歲,58,屏東縣
1胎,男,20～24歲,242,屏東縣
1胎,男,25～29歲,361,屏東縣
1胎,男,30～34歲,310,屏東縣
1胎,男,35～39歲,153,屏東縣
1胎,男,40～44歲,26,屏東縣
1胎,男,45～49歲,2,屏東縣
1胎,男,50歲以上,0,屏東縣
1胎,男,未滿15歲,0,屏東縣
2胎,女,15～19歲,4,屏東縣
2胎,女,20～24歲,121,屏東縣
2胎,女,25～29歲,207,屏東縣
2胎,女,30～34歲,275,屏東縣
2胎,女,35～39歲,170,屏東縣
2胎,女,40～44歲,34,屏東縣
2胎,女,45～49歲,3,屏東縣
2胎,女,50歲以上,0,屏東縣
2胎,女,未滿15歲,0,屏東縣
2胎,男,15～19歲,5,屏東縣
2胎,男,20～24歲,98,屏東縣
2胎,男,25～29歲,216,屏東縣
2胎,男,30～34歲,274,屏東縣
2胎,男,35～39歲,193,屏東縣
2胎,男,40～44歲,36,屏東縣
2胎,男,45～49歲,0,屏東縣
2胎,男,50歲以上,0,屏東縣
2胎,男,未滿15歲,0,屏東縣
3胎,女,15～19歲,0,屏東縣
3胎,女,20～24歲,21,屏東縣
3胎,女,25～29歲,64,屏東縣
3胎,女,30～34歲,86,屏東縣
3胎,女,35～39歲,76,屏東縣
3胎,女,40～44歲,15,屏東縣
3胎,女,45～49歲,1,屏東縣
3胎,女,50歲以上,0,屏東縣
3胎,女,未滿15歲,0,屏東縣
3胎,男,15～19歲,0,屏東縣
3胎,男,20～24歲,13,屏東縣
3胎,男,25～29歲,71,屏東縣
3胎,男,30～34歲,96,屏東縣
3胎,男,35～39歲,83,屏東縣
3胎,男,40～44歲,17,屏東縣
3胎,男,45～49歲,1,屏東縣
3胎,男,50歲以上,0,屏東縣
3胎,男,未滿15歲,0,屏東縣
4胎,女,15～19歲,0,屏東縣
4胎,女,20～24歲,4,屏東縣
4胎,女,25～29歲,12,屏東縣
4胎,女,30～34歲,20,屏東縣
4胎,女,35～39歲,19,屏東縣
4胎,女,40～44歲,7,屏東縣
4胎,女,45～49歲,0,屏東縣
4胎,女,50歲以上,0,屏東縣
4胎,女,未滿15歲,0,屏東縣
4胎,男,15～19歲,0,屏東縣
4胎,男,20～24歲,7,屏東縣
4胎,男,25～29歲,15,屏東縣
4胎,男,30～34歲,22,屏東縣
4胎,男,35～39歲,29,屏東縣
4胎,男,40～44歲,7,屏東縣
4胎,男,45～49歲,2,屏東縣
4胎,男,50歲以上,0,屏東縣
4胎,男,未滿15歲,0,屏東縣
5胎,女,15～19歲,0,屏東縣
5胎,女,20～24歲,1,屏東縣
5胎,女,25～29歲,1,屏東縣
5胎,女,30～34歲,8,屏東縣
5胎,女,35～39歲,6,屏東縣
5胎,女,40～44歲,1,屏東縣
5胎,女,45～49歲,0,屏東縣
5胎,女,50歲以上,0,屏東縣
5胎,女,未滿15歲,0,屏東縣
5胎,男,15～19歲,0,屏東縣
5胎,男,20～24歲,0,屏東縣
5胎,男,25～29歲,2,屏東縣
5胎,男,30～34歲,5,屏東縣
5胎,男,35～39歲,5,屏東縣
5胎,男,40～44歲,0,屏東縣
5胎,男,45～49歲,0,屏東縣
5胎,男,50歲以上,0,屏東縣
5胎,男,未滿15歲,0,屏東縣
6胎,女,15～19歲,0,屏東縣
6胎,女,20～24歲,0,屏東縣
6胎,女,25～29歲,2,屏東縣
6胎,女,30～34歲,4,屏東縣
6胎,女,35～39歲,6,屏東縣
6胎,女,40～44歲,1,屏東縣
6胎,女,45～49歲,0,屏東縣
6胎,女,50歲以上,0,屏東縣
6胎,女,未滿15歲,0,屏東縣
6胎,男,15～19歲,0,屏東縣
6胎,男,20～24歲,0,屏東縣
6胎,男,25～29歲,0,屏東縣
6胎,男,30～34歲,3,屏東縣
6胎,男,35～39歲,0,屏東縣
6胎,男,40～44歲,0,屏東縣
6胎,男,45～49歲,0,屏東縣
6胎,男,50歲以上,0,屏東縣
6胎,男,未滿15歲,0,屏東縣
7胎,女,15～19歲,0,屏東縣
7胎,女,20～24歲,0,屏東縣
7胎,女,25～29歲,0,屏東縣
7胎,女,30～34歲,1,屏東縣
7胎,女,35～39歲,0,屏東縣
7胎,女,40～44歲,0,屏東縣
7胎,女,45～49歲,0,屏東縣
7胎,女,50歲以上,0,屏東縣
7胎,女,未滿15歲,0,屏東縣
7胎,男,15～19歲,0,屏東縣
7胎,男,20～24歲,0,屏東縣
7胎,男,25～29歲,0,屏東縣
7胎,男,30～34歲,3,屏東縣
7胎,男,35～39歲,1,屏東縣
7胎,男,40～44歲,0,屏東縣
7胎,男,45～49歲,0,屏東縣
7胎,男,50歲以上,0,屏東縣
7胎,男,未滿15歲,0,屏東縣
8胎,女,15～19歲,0,屏東縣
8胎,女,20～24歲,0,屏東縣
8胎,女,25～29歲,0,屏東縣
8胎,女,30～34歲,0,屏東縣
8胎,女,35～39歲,0,屏東縣
8胎,女,40～44歲,0,屏東縣
8胎,女,45～49歲,0,屏東縣
8胎,女,50歲以上,0,屏東縣
8胎,女,未滿15歲,0,屏東縣
8胎,男,15～19歲,0,屏東縣
8胎,男,20～24歲,0,屏東縣
8胎,男,25～29歲,0,屏東縣
8胎,男,30～34歲,0,屏東縣
8胎,男,35～39歲,0,屏東縣
8胎,男,40～44歲,0,屏東縣
8胎,男,45～49歲,0,屏東縣
8胎,男,50歲以上,0,屏東縣
8胎,男,未滿15歲,0,屏東縣
9胎以上,女,15～19歲,0,屏東縣
9胎以上,女,20～24歲,0,屏東縣
9胎以上,女,25～29歲,0,屏東縣
9胎以上,女,30～34歲,1,屏東縣
9胎以上,女,35～39歲,0,屏東縣
9胎以上,女,40～44歲,0,屏東縣
9胎以上,女,45～49歲,0,屏東縣
9胎以上,女,50歲以上,0,屏東縣
9胎以上,女,未滿15歲,0,屏東縣
9胎以上,男,15～19歲,0,屏東縣
9胎以上,男,20～24歲,0,屏東縣
9胎以上,男,25～29歲,0,屏東縣
9胎以上,男,30～34歲,0,屏東縣
9胎以上,男,35～39歲,0,屏東縣
9胎以上,男,40～44歲,0,屏東縣
9胎以上,男,45～49歲,0,屏東縣
9胎以上,男,50歲以上,0,屏東縣
9胎以上,男,未滿15歲,0,屏東縣
1胎,女,15～19歲,13,臺東縣
1胎,女,20～24歲,70,臺東縣
1胎,女,25～29歲,88,臺東縣
1胎,女,30～34歲,78,臺東縣
1胎,女,35～39歲,53,臺東縣
1胎,女,40～44歲,9,臺東縣
1胎,女,45～49歲,0,臺東縣
1胎,女,50歲以上,0,臺東縣
1胎,女,未滿15歲,0,臺東縣
1胎,男,15～19歲,30,臺東縣
1胎,男,20～24歲,82,臺東縣
1胎,男,25～29歲,89,臺東縣
1胎,男,30～34歲,67,臺東縣
1胎,男,35～39歲,38,臺東縣
1胎,男,40～44歲,9,臺東縣
1胎,男,45～49歲,0,臺東縣
1胎,男,50歲以上,0,臺東縣
1胎,男,未滿15歲,0,臺東縣
2胎,女,15～19歲,4,臺東縣
2胎,女,20～24歲,26,臺東縣
2胎,女,25～29歲,54,臺東縣
2胎,女,30～34歲,79,臺東縣
2胎,女,35～39歲,51,臺東縣
2胎,女,40～44歲,6,臺東縣
2胎,女,45～49歲,0,臺東縣
2胎,女,50歲以上,0,臺東縣
2胎,女,未滿15歲,0,臺東縣
2胎,男,15～19歲,7,臺東縣
2胎,男,20～24歲,44,臺東縣
2胎,男,25～29歲,63,臺東縣
2胎,男,30～34歲,91,臺東縣
2胎,男,35～39歲,60,臺東縣
2胎,男,40～44歲,9,臺東縣
2胎,男,45～49歲,0,臺東縣
2胎,男,50歲以上,0,臺東縣
2胎,男,未滿15歲,0,臺東縣
3胎,女,15～19歲,1,臺東縣
3胎,女,20～24歲,4,臺東縣
3胎,女,25～29歲,20,臺東縣
3胎,女,30～34歲,34,臺東縣
3胎,女,35～39歲,30,臺東縣
3胎,女,40～44歲,7,臺東縣
3胎,女,45～49歲,0,臺東縣
3胎,女,50歲以上,0,臺東縣
3胎,女,未滿15歲,0,臺東縣
3胎,男,15～19歲,0,臺東縣
3胎,男,20～24歲,6,臺東縣
3胎,男,25～29歲,34,臺東縣
3胎,男,30～34歲,51,臺東縣
3胎,男,35～39歲,28,臺東縣
3胎,男,40～44歲,7,臺東縣
3胎,男,45～49歲,0,臺東縣
3胎,男,50歲以上,0,臺東縣
3胎,男,未滿15歲,0,臺東縣
4胎,女,15～19歲,0,臺東縣
4胎,女,20～24歲,1,臺東縣
4胎,女,25～29歲,10,臺東縣
4胎,女,30～34歲,13,臺東縣
4胎,女,35～39歲,13,臺東縣
4胎,女,40～44歲,6,臺東縣
4胎,女,45～49歲,1,臺東縣
4胎,女,50歲以上,0,臺東縣
4胎,女,未滿15歲,0,臺東縣
4胎,男,15～19歲,0,臺東縣
4胎,男,20～24歲,3,臺東縣
4胎,男,25～29歲,8,臺東縣
4胎,男,30～34歲,6,臺東縣
4胎,男,35～39歲,19,臺東縣
4胎,男,40～44歲,1,臺東縣
4胎,男,45～49歲,0,臺東縣
4胎,男,50歲以上,0,臺東縣
4胎,男,未滿15歲,0,臺東縣
5胎,女,15～19歲,0,臺東縣
5胎,女,20～24歲,0,臺東縣
5胎,女,25～29歲,3,臺東縣
5胎,女,30～34歲,3,臺東縣
5胎,女,35～39歲,5,臺東縣
5胎,女,40～44歲,1,臺東縣
5胎,女,45～49歲,0,臺東縣
5胎,女,50歲以上,0,臺東縣
5胎,女,未滿15歲,0,臺東縣
5胎,男,15～19歲,0,臺東縣
5胎,男,20～24歲,0,臺東縣
5胎,男,25～29歲,3,臺東縣
5胎,男,30～34歲,2,臺東縣
5胎,男,35～39歲,5,臺東縣
5胎,男,40～44歲,2,臺東縣
5胎,男,45～49歲,0,臺東縣
5胎,男,50歲以上,0,臺東縣
5胎,男,未滿15歲,0,臺東縣
6胎,女,15～19歲,0,臺東縣
6胎,女,20～24歲,1,臺東縣
6胎,女,25～29歲,2,臺東縣
6胎,女,30～34歲,2,臺東縣
6胎,女,35～39歲,4,臺東縣
6胎,女,40～44歲,1,臺東縣
6胎,女,45～49歲,0,臺東縣
6胎,女,50歲以上,0,臺東縣
6胎,女,未滿15歲,0,臺東縣
6胎,男,15～19歲,0,臺東縣
6胎,男,20～24歲,0,臺東縣
6胎,男,25～29歲,4,臺東縣
6胎,男,30～34歲,4,臺東縣
6胎,男,35～39歲,0,臺東縣
6胎,男,40～44歲,1,臺東縣
6胎,男,45～49歲,0,臺東縣
6胎,男,50歲以上,0,臺東縣
6胎,男,未滿15歲,0,臺東縣
7胎,女,15～19歲,0,臺東縣
7胎,女,20～24歲,0,臺東縣
7胎,女,25～29歲,0,臺東縣
7胎,女,30～34歲,2,臺東縣
7胎,女,35～39歲,1,臺東縣
7胎,女,40～44歲,0,臺東縣
7胎,女,45～49歲,0,臺東縣
7胎,女,50歲以上,0,臺東縣
7胎,女,未滿15歲,0,臺東縣
7胎,男,15～19歲,0,臺東縣
7胎,男,20～24歲,0,臺東縣
7胎,男,25～29歲,1,臺東縣
7胎,男,30～34歲,0,臺東縣
7胎,男,35～39歲,2,臺東縣
7胎,男,40～44歲,0,臺東縣
7胎,男,45～49歲,0,臺東縣
7胎,男,50歲以上,0,臺東縣
7胎,男,未滿15歲,0,臺東縣
8胎,女,15～19歲,0,臺東縣
8胎,女,20～24歲,0,臺東縣
8胎,女,25～29歲,0,臺東縣
8胎,女,30～34歲,1,臺東縣
8胎,女,35～39歲,1,臺東縣
8胎,女,40～44歲,1,臺東縣
8胎,女,45～49歲,0,臺東縣
8胎,女,50歲以上,0,臺東縣
8胎,女,未滿15歲,0,臺東縣
8胎,男,15～19歲,0,臺東縣
8胎,男,20～24歲,0,臺東縣
8胎,男,25～29歲,0,臺東縣
8胎,男,30～34歲,0,臺東縣
8胎,男,35～39歲,1,臺東縣
8胎,男,40～44歲,0,臺東縣
8胎,男,45～49歲,0,臺東縣
8胎,男,50歲以上,0,臺東縣
8胎,男,未滿15歲,0,臺東縣
9胎以上,女,15～19歲,0,臺東縣
9胎以上,女,20～24歲,0,臺東縣
9胎以上,女,25～29歲,0,臺東縣
9胎以上,女,30～34歲,1,臺東縣
9胎以上,女,35～39歲,1,臺東縣
9胎以上,女,40～44歲,0,臺東縣
9胎以上,女,45～49歲,0,臺東縣
9胎以上,女,50歲以上,0,臺東縣
9胎以上,女,未滿15歲,0,臺東縣
9胎以上,男,15～19歲,0,臺東縣
9胎以上,男,20～24歲,0,臺東縣
9胎以上,男,25～29歲,0,臺東縣
9胎以上,男,30～34歲,0,臺東縣
9胎以上,男,35～39歲,1,臺東縣
9胎以上,男,40～44歲,0,臺東縣
9胎以上,男,45～49歲,0,臺東縣
9胎以上,男,50歲以上,0,臺東縣
9胎以上,男,未滿15歲,0,臺東縣
1胎,女,15～19歲,34,花蓮縣
1胎,女,20～24歲,120,花蓮縣
1胎,女,25～29歲,138,花蓮縣
1胎,女,30～34歲,135,花蓮縣
1胎,女,35～39歲,59,花蓮縣
1胎,女,40～44歲,9,花蓮縣
1胎,女,45～49歲,2,花蓮縣
1胎,女,50歲以上,0,花蓮縣
1胎,女,未滿15歲,0,花蓮縣
1胎,男,15～19歲,49,花蓮縣
1胎,男,20～24歲,119,花蓮縣
1胎,男,25～29歲,138,花蓮縣
1胎,男,30～34歲,159,花蓮縣
1胎,男,35～39歲,73,花蓮縣
1胎,男,40～44歲,14,花蓮縣
1胎,男,45～49歲,0,花蓮縣
1胎,男,50歲以上,1,花蓮縣
1胎,男,未滿15歲,0,花蓮縣
2胎,女,15～19歲,11,花蓮縣
2胎,女,20～24歲,69,花蓮縣
2胎,女,25～29歲,117,花蓮縣
2胎,女,30～34歲,141,花蓮縣
2胎,女,35～39歲,96,花蓮縣
2胎,女,40～44歲,17,花蓮縣
2胎,女,45～49歲,0,花蓮縣
2胎,女,50歲以上,0,花蓮縣
2胎,女,未滿15歲,0,花蓮縣
2胎,男,15～19歲,9,花蓮縣
2胎,男,20～24歲,73,花蓮縣
2胎,男,25～29歲,112,花蓮縣
2胎,男,30～34歲,133,花蓮縣
2胎,男,35～39歲,100,花蓮縣
2胎,男,40～44歲,18,花蓮縣
2胎,男,45～49歲,1,花蓮縣
2胎,男,50歲以上,0,花蓮縣
2胎,男,未滿15歲,0,花蓮縣
3胎,女,15～19歲,0,花蓮縣
3胎,女,20～24歲,14,花蓮縣
3胎,女,25～29歲,25,花蓮縣
3胎,女,30～34歲,48,花蓮縣
3胎,女,35～39歲,29,花蓮縣
3胎,女,40～44歲,7,花蓮縣
3胎,女,45～49歲,1,花蓮縣
3胎,女,50歲以上,0,花蓮縣
3胎,女,未滿15歲,0,花蓮縣
3胎,男,15～19歲,1,花蓮縣
3胎,男,20～24歲,15,花蓮縣
3胎,男,25～29歲,45,花蓮縣
3胎,男,30～34歲,42,花蓮縣
3胎,男,35～39歲,55,花蓮縣
3胎,男,40～44歲,13,花蓮縣
3胎,男,45～49歲,2,花蓮縣
3胎,男,50歲以上,0,花蓮縣
3胎,男,未滿15歲,0,花蓮縣
4胎,女,15～19歲,0,花蓮縣
4胎,女,20～24歲,5,花蓮縣
4胎,女,25～29歲,5,花蓮縣
4胎,女,30～34歲,23,花蓮縣
4胎,女,35～39歲,15,花蓮縣
4胎,女,40～44歲,3,花蓮縣
4胎,女,45～49歲,2,花蓮縣
4胎,女,50歲以上,0,花蓮縣
4胎,女,未滿15歲,0,花蓮縣
4胎,男,15～19歲,0,花蓮縣
4胎,男,20～24歲,4,花蓮縣
4胎,男,25～29歲,12,花蓮縣
4胎,男,30～34歲,16,花蓮縣
4胎,男,35～39歲,21,花蓮縣
4胎,男,40～44歲,4,花蓮縣
4胎,男,45～49歲,1,花蓮縣
4胎,男,50歲以上,0,花蓮縣
4胎,男,未滿15歲,0,花蓮縣
5胎,女,15～19歲,0,花蓮縣
5胎,女,20～24歲,0,花蓮縣
5胎,女,25～29歲,5,花蓮縣
5胎,女,30～34歲,11,花蓮縣
5胎,女,35～39歲,5,花蓮縣
5胎,女,40～44歲,1,花蓮縣
5胎,女,45～49歲,0,花蓮縣
5胎,女,50歲以上,0,花蓮縣
5胎,女,未滿15歲,0,花蓮縣
5胎,男,15～19歲,0,花蓮縣
5胎,男,20～24歲,2,花蓮縣
5胎,男,25～29歲,2,花蓮縣
5胎,男,30～34歲,4,花蓮縣
5胎,男,35～39歲,4,花蓮縣
5胎,男,40～44歲,2,花蓮縣
5胎,男,45～49歲,0,花蓮縣
5胎,男,50歲以上,0,花蓮縣
5胎,男,未滿15歲,0,花蓮縣
6胎,女,15～19歲,0,花蓮縣
6胎,女,20～24歲,0,花蓮縣
6胎,女,25～29歲,0,花蓮縣
6胎,女,30～34歲,1,花蓮縣
6胎,女,35～39歲,2,花蓮縣
6胎,女,40～44歲,0,花蓮縣
6胎,女,45～49歲,0,花蓮縣
6胎,女,50歲以上,0,花蓮縣
6胎,女,未滿15歲,0,花蓮縣
6胎,男,15～19歲,0,花蓮縣
6胎,男,20～24歲,0,花蓮縣
6胎,男,25～29歲,1,花蓮縣
6胎,男,30～34歲,4,花蓮縣
6胎,男,35～39歲,3,花蓮縣
6胎,男,40～44歲,2,花蓮縣
6胎,男,45～49歲,0,花蓮縣
6胎,男,50歲以上,0,花蓮縣
6胎,男,未滿15歲,0,花蓮縣
7胎,女,15～19歲,0,花蓮縣
7胎,女,20～24歲,0,花蓮縣
7胎,女,25～29歲,0,花蓮縣
7胎,女,30～34歲,1,花蓮縣
7胎,女,35～39歲,0,花蓮縣
7胎,女,40～44歲,0,花蓮縣
7胎,女,45～49歲,0,花蓮縣
7胎,女,50歲以上,0,花蓮縣
7胎,女,未滿15歲,0,花蓮縣
7胎,男,15～19歲,0,花蓮縣
7胎,男,20～24歲,0,花蓮縣
7胎,男,25～29歲,1,花蓮縣
7胎,男,30～34歲,1,花蓮縣
7胎,男,35～39歲,2,花蓮縣
7胎,男,40～44歲,0,花蓮縣
7胎,男,45～49歲,0,花蓮縣
7胎,男,50歲以上,0,花蓮縣
7胎,男,未滿15歲,0,花蓮縣
8胎,女,15～19歲,0,花蓮縣
8胎,女,20～24歲,0,花蓮縣
8胎,女,25～29歲,0,花蓮縣
8胎,女,30～34歲,1,花蓮縣
8胎,女,35～39歲,0,花蓮縣
8胎,女,40～44歲,0,花蓮縣
8胎,女,45～49歲,0,花蓮縣
8胎,女,50歲以上,0,花蓮縣
8胎,女,未滿15歲,0,花蓮縣
8胎,男,15～19歲,0,花蓮縣
8胎,男,20～24歲,0,花蓮縣
8胎,男,25～29歲,0,花蓮縣
8胎,男,30～34歲,0,花蓮縣
8胎,男,35～39歲,0,花蓮縣
8胎,男,40～44歲,1,花蓮縣
8胎,男,45～49歲,0,花蓮縣
8胎,男,50歲以上,0,花蓮縣
8胎,男,未滿15歲,0,花蓮縣
9胎以上,女,15～19歲,0,花蓮縣
9胎以上,女,20～24歲,0,花蓮縣
9胎以上,女,25～29歲,0,花蓮縣
9胎以上,女,30～34歲,0,花蓮縣
9胎以上,女,35～39歲,0,花蓮縣
9胎以上,女,40～44歲,0,花蓮縣
9胎以上,女,45～49歲,0,花蓮縣
9胎以上,女,50歲以上,0,花蓮縣
9胎以上,女,未滿15歲,0,花蓮縣
9胎以上,男,15～19歲,0,花蓮縣
9胎以上,男,20～24歲,0,花蓮縣
9胎以上,男,25～29歲,0,花蓮縣
9胎以上,男,30～34歲,0,花蓮縣
9胎以上,男,35～39歲,0,花蓮縣
9胎以上,男,40～44歲,0,花蓮縣
9胎以上,男,45～49歲,0,花蓮縣
9胎以上,男,50歲以上,0,花蓮縣
9胎以上,男,未滿15歲,0,花蓮縣
1胎,女,15～19歲,33,宜蘭縣
1胎,女,20～24歲,121,宜蘭縣
1胎,女,25～29歲,239,宜蘭縣
1胎,女,30～34歲,226,宜蘭縣
1胎,女,35～39歲,106,宜蘭縣
1胎,女,40～44歲,17,宜蘭縣
1胎,女,45～49歲,1,宜蘭縣
1胎,女,50歲以上,0,宜蘭縣
1胎,女,未滿15歲,0,宜蘭縣
1胎,男,15～19歲,22,宜蘭縣
1胎,男,20～24歲,141,宜蘭縣
1胎,男,25～29歲,239,宜蘭縣
1胎,男,30～34歲,230,宜蘭縣
1胎,男,35～39歲,96,宜蘭縣
1胎,男,40～44歲,19,宜蘭縣
1胎,男,45～49歲,1,宜蘭縣
1胎,男,50歲以上,0,宜蘭縣
1胎,男,未滿15歲,0,宜蘭縣
2胎,女,15～19歲,3,宜蘭縣
2胎,女,20～24歲,71,宜蘭縣
2胎,女,25～29歲,136,宜蘭縣
2胎,女,30～34歲,174,宜蘭縣
2胎,女,35～39歲,127,宜蘭縣
2胎,女,40～44歲,16,宜蘭縣
2胎,女,45～49歲,1,宜蘭縣
2胎,女,50歲以上,0,宜蘭縣
2胎,女,未滿15歲,0,宜蘭縣
2胎,男,15～19歲,11,宜蘭縣
2胎,男,20～24歲,64,宜蘭縣
2胎,男,25～29歲,152,宜蘭縣
2胎,男,30～34歲,223,宜蘭縣
2胎,男,35～39歲,139,宜蘭縣
2胎,男,40～44歲,23,宜蘭縣
2胎,男,45～49歲,1,宜蘭縣
2胎,男,50歲以上,0,宜蘭縣
2胎,男,未滿15歲,0,宜蘭縣
3胎,女,15～19歲,0,宜蘭縣
3胎,女,20～24歲,10,宜蘭縣
3胎,女,25～29歲,33,宜蘭縣
3胎,女,30～34歲,61,宜蘭縣
3胎,女,35～39歲,40,宜蘭縣
3胎,女,40～44歲,11,宜蘭縣
3胎,女,45～49歲,0,宜蘭縣
3胎,女,50歲以上,0,宜蘭縣
3胎,女,未滿15歲,0,宜蘭縣
3胎,男,15～19歲,1,宜蘭縣
3胎,男,20～24歲,7,宜蘭縣
3胎,男,25～29歲,35,宜蘭縣
3胎,男,30～34歲,49,宜蘭縣
3胎,男,35～39歲,51,宜蘭縣
3胎,男,40～44歲,13,宜蘭縣
3胎,男,45～49歲,0,宜蘭縣
3胎,男,50歲以上,0,宜蘭縣
3胎,男,未滿15歲,0,宜蘭縣
4胎,女,15～19歲,0,宜蘭縣
4胎,女,20～24歲,2,宜蘭縣
4胎,女,25～29歲,11,宜蘭縣
4胎,女,30～34歲,15,宜蘭縣
4胎,女,35～39歲,7,宜蘭縣
4胎,女,40～44歲,3,宜蘭縣
4胎,女,45～49歲,0,宜蘭縣
4胎,女,50歲以上,0,宜蘭縣
4胎,女,未滿15歲,0,宜蘭縣
4胎,男,15～19歲,0,宜蘭縣
4胎,男,20～24歲,5,宜蘭縣
4胎,男,25～29歲,7,宜蘭縣
4胎,男,30～34歲,10,宜蘭縣
4胎,男,35～39歲,11,宜蘭縣
4胎,男,40～44歲,7,宜蘭縣
4胎,男,45～49歲,0,宜蘭縣
4胎,男,50歲以上,0,宜蘭縣
4胎,男,未滿15歲,0,宜蘭縣
5胎,女,15～19歲,0,宜蘭縣
5胎,女,20～24歲,0,宜蘭縣
5胎,女,25～29歲,1,宜蘭縣
5胎,女,30～34歲,3,宜蘭縣
5胎,女,35～39歲,2,宜蘭縣
5胎,女,40～44歲,2,宜蘭縣
5胎,女,45～49歲,1,宜蘭縣
5胎,女,50歲以上,0,宜蘭縣
5胎,女,未滿15歲,0,宜蘭縣
5胎,男,15～19歲,0,宜蘭縣
5胎,男,20～24歲,0,宜蘭縣
5胎,男,25～29歲,3,宜蘭縣
5胎,男,30～34歲,4,宜蘭縣
5胎,男,35～39歲,4,宜蘭縣
5胎,男,40～44歲,2,宜蘭縣
5胎,男,45～49歲,0,宜蘭縣
5胎,男,50歲以上,0,宜蘭縣
5胎,男,未滿15歲,0,宜蘭縣
6胎,女,15～19歲,0,宜蘭縣
6胎,女,20～24歲,0,宜蘭縣
6胎,女,25～29歲,1,宜蘭縣
6胎,女,30～34歲,1,宜蘭縣
6胎,女,35～39歲,0,宜蘭縣
6胎,女,40～44歲,0,宜蘭縣
6胎,女,45～49歲,0,宜蘭縣
6胎,女,50歲以上,0,宜蘭縣
6胎,女,未滿15歲,0,宜蘭縣
6胎,男,15～19歲,0,宜蘭縣
6胎,男,20～24歲,0,宜蘭縣
6胎,男,25～29歲,1,宜蘭縣
6胎,男,30～34歲,0,宜蘭縣
6胎,男,35～39歲,1,宜蘭縣
6胎,男,40～44歲,0,宜蘭縣
6胎,男,45～49歲,0,宜蘭縣
6胎,男,50歲以上,0,宜蘭縣
6胎,男,未滿15歲,0,宜蘭縣
7胎,女,15～19歲,0,宜蘭縣
7胎,女,20～24歲,0,宜蘭縣
7胎,女,25～29歲,0,宜蘭縣
7胎,女,30～34歲,2,宜蘭縣
7胎,女,35～39歲,0,宜蘭縣
7胎,女,40～44歲,0,宜蘭縣
7胎,女,45～49歲,0,宜蘭縣
7胎,女,50歲以上,0,宜蘭縣
7胎,女,未滿15歲,0,宜蘭縣
7胎,男,15～19歲,0,宜蘭縣
7胎,男,20～24歲,0,宜蘭縣
7胎,男,25～29歲,0,宜蘭縣
7胎,男,30～34歲,0,宜蘭縣
7胎,男,35～39歲,0,宜蘭縣
7胎,男,40～44歲,1,宜蘭縣
7胎,男,45～49歲,0,宜蘭縣
7胎,男,50歲以上,0,宜蘭縣
7胎,男,未滿15歲,0,宜蘭縣
8胎,女,15～19歲,0,宜蘭縣
8胎,女,20～24歲,0,宜蘭縣
8胎,女,25～29歲,0,宜蘭縣
8胎,女,30～34歲,0,宜蘭縣
8胎,女,35～39歲,0,宜蘭縣
8胎,女,40～44歲,0,宜蘭縣
8胎,女,45～49歲,0,宜蘭縣
8胎,女,50歲以上,0,宜蘭縣
8胎,女,未滿15歲,0,宜蘭縣
8胎,男,15～19歲,0,宜蘭縣
8胎,男,20～24歲,0,宜蘭縣
8胎,男,25～29歲,0,宜蘭縣
8胎,男,30～34歲,1,宜蘭縣
8胎,男,35～39歲,2,宜蘭縣
8胎,男,40～44歲,0,宜蘭縣
8胎,男,45～49歲,0,宜蘭縣
8胎,男,50歲以上,0,宜蘭縣
8胎,男,未滿15歲,0,宜蘭縣
9胎以上,女,15～19歲,0,宜蘭縣
9胎以上,女,20～24歲,0,宜蘭縣
9胎以上,女,25～29歲,0,宜蘭縣
9胎以上,女,30～34歲,0,宜蘭縣
9胎以上,女,35～39歲,0,宜蘭縣
9胎以上,女,40～44歲,0,宜蘭縣
9胎以上,女,45～49歲,0,宜蘭縣
9胎以上,女,50歲以上,0,宜蘭縣
9胎以上,女,未滿15歲,0,宜蘭縣
9胎以上,男,15～19歲,0,宜蘭縣
9胎以上,男,20～24歲,0,宜蘭縣
9胎以上,男,25～29歲,0,宜蘭縣
9胎以上,男,30～34歲,0,宜蘭縣
9胎以上,男,35～39歲,1,宜蘭縣
9胎以上,男,40～44歲,1,宜蘭縣
9胎以上,男,45～49歲,0,宜蘭縣
9胎以上,男,50歲以上,0,宜蘭縣
9胎以上,男,未滿15歲,0,宜蘭縣
1胎,女,15～19歲,3,澎湖縣
1胎,女,20～24歲,39,澎湖縣
1胎,女,25～29歲,62,澎湖縣
1胎,女,30～34歲,69,澎湖縣
1胎,女,35～39歲,21,澎湖縣
1胎,女,40～44歲,8,澎湖縣
1胎,女,45～49歲,1,澎湖縣
1胎,女,50歲以上,0,澎湖縣
1胎,女,未滿15歲,0,澎湖縣
1胎,男,15～19歲,2,澎湖縣
1胎,男,20～24歲,39,澎湖縣
1胎,男,25～29歲,68,澎湖縣
1胎,男,30～34歲,75,澎湖縣
1胎,男,35～39歲,30,澎湖縣
1胎,男,40～44歲,2,澎湖縣
1胎,男,45～49歲,1,澎湖縣
1胎,男,50歲以上,0,澎湖縣
1胎,男,未滿15歲,0,澎湖縣
2胎,女,15～19歲,0,澎湖縣
2胎,女,20～24歲,10,澎湖縣
2胎,女,25～29歲,43,澎湖縣
2胎,女,30～34歲,65,澎湖縣
2胎,女,35～39歲,35,澎湖縣
2胎,女,40～44歲,6,澎湖縣
2胎,女,45～49歲,0,澎湖縣
2胎,女,50歲以上,0,澎湖縣
2胎,女,未滿15歲,0,澎湖縣
2胎,男,15～19歲,3,澎湖縣
2胎,男,20～24歲,17,澎湖縣
2胎,男,25～29歲,35,澎湖縣
2胎,男,30～34歲,79,澎湖縣
2胎,男,35～39歲,50,澎湖縣
2胎,男,40～44歲,6,澎湖縣
2胎,男,45～49歲,0,澎湖縣
2胎,男,50歲以上,0,澎湖縣
2胎,男,未滿15歲,0,澎湖縣
3胎,女,15～19歲,0,澎湖縣
3胎,女,20～24歲,2,澎湖縣
3胎,女,25～29歲,6,澎湖縣
3胎,女,30～34歲,16,澎湖縣
3胎,女,35～39歲,12,澎湖縣
3胎,女,40～44歲,2,澎湖縣
3胎,女,45～49歲,0,澎湖縣
3胎,女,50歲以上,0,澎湖縣
3胎,女,未滿15歲,0,澎湖縣
3胎,男,15～19歲,0,澎湖縣
3胎,男,20～24歲,1,澎湖縣
3胎,男,25～29歲,12,澎湖縣
3胎,男,30～34歲,17,澎湖縣
3胎,男,35～39歲,14,澎湖縣
3胎,男,40～44歲,6,澎湖縣
3胎,男,45～49歲,0,澎湖縣
3胎,男,50歲以上,0,澎湖縣
3胎,男,未滿15歲,0,澎湖縣
4胎,女,15～19歲,0,澎湖縣
4胎,女,20～24歲,0,澎湖縣
4胎,女,25～29歲,1,澎湖縣
4胎,女,30～34歲,3,澎湖縣
4胎,女,35～39歲,3,澎湖縣
4胎,女,40～44歲,2,澎湖縣
4胎,女,45～49歲,0,澎湖縣
4胎,女,50歲以上,0,澎湖縣
4胎,女,未滿15歲,0,澎湖縣
4胎,男,15～19歲,0,澎湖縣
4胎,男,20～24歲,0,澎湖縣
4胎,男,25～29歲,4,澎湖縣
4胎,男,30～34歲,3,澎湖縣
4胎,男,35～39歲,3,澎湖縣
4胎,男,40～44歲,0,澎湖縣
4胎,男,45～49歲,0,澎湖縣
4胎,男,50歲以上,0,澎湖縣
4胎,男,未滿15歲,0,澎湖縣
5胎,女,15～19歲,0,澎湖縣
5胎,女,20～24歲,0,澎湖縣
5胎,女,25～29歲,0,澎湖縣
5胎,女,30～34歲,0,澎湖縣
5胎,女,35～39歲,0,澎湖縣
5胎,女,40～44歲,0,澎湖縣
5胎,女,45～49歲,0,澎湖縣
5胎,女,50歲以上,0,澎湖縣
5胎,女,未滿15歲,0,澎湖縣
5胎,男,15～19歲,0,澎湖縣
5胎,男,20～24歲,0,澎湖縣
5胎,男,25～29歲,0,澎湖縣
5胎,男,30～34歲,1,澎湖縣
5胎,男,35～39歲,0,澎湖縣
5胎,男,40～44歲,0,澎湖縣
5胎,男,45～49歲,0,澎湖縣
5胎,男,50歲以上,0,澎湖縣
5胎,男,未滿15歲,0,澎湖縣
6胎,女,15～19歲,0,澎湖縣
6胎,女,20～24歲,0,澎湖縣
6胎,女,25～29歲,0,澎湖縣
6胎,女,30～34歲,0,澎湖縣
6胎,女,35～39歲,0,澎湖縣
6胎,女,40～44歲,1,澎湖縣
6胎,女,45～49歲,0,澎湖縣
6胎,女,50歲以上,0,澎湖縣
6胎,女,未滿15歲,0,澎湖縣
6胎,男,15～19歲,0,澎湖縣
6胎,男,20～24歲,0,澎湖縣
6胎,男,25～29歲,0,澎湖縣
6胎,男,30～34歲,1,澎湖縣
6胎,男,35～39歲,0,澎湖縣
6胎,男,40～44歲,0,澎湖縣
6胎,男,45～49歲,0,澎湖縣
6胎,男,50歲以上,0,澎湖縣
6胎,男,未滿15歲,0,澎湖縣
7胎,女,15～19歲,0,澎湖縣
7胎,女,20～24歲,0,澎湖縣
7胎,女,25～29歲,0,澎湖縣
7胎,女,30～34歲,0,澎湖縣
7胎,女,35～39歲,0,澎湖縣
7胎,女,40～44歲,0,澎湖縣
7胎,女,45～49歲,0,澎湖縣
7胎,女,50歲以上,0,澎湖縣
7胎,女,未滿15歲,0,澎湖縣
7胎,男,15～19歲,0,澎湖縣
7胎,男,20～24歲,0,澎湖縣
7胎,男,25～29歲,0,澎湖縣
7胎,男,30～34歲,0,澎湖縣
7胎,男,35～39歲,0,澎湖縣
7胎,男,40～44歲,0,澎湖縣
7胎,男,45～49歲,0,澎湖縣
7胎,男,50歲以上,0,澎湖縣
7胎,男,未滿15歲,0,澎湖縣
8胎,女,15～19歲,0,澎湖縣
8胎,女,20～24歲,0,澎湖縣
8胎,女,25～29歲,0,澎湖縣
8胎,女,30～34歲,0,澎湖縣
8胎,女,35～39歲,0,澎湖縣
8胎,女,40～44歲,0,澎湖縣
8胎,女,45～49歲,0,澎湖縣
8胎,女,50歲以上,0,澎湖縣
8胎,女,未滿15歲,0,澎湖縣
8胎,男,15～19歲,0,澎湖縣
8胎,男,20～24歲,0,澎湖縣
8胎,男,25～29歲,0,澎湖縣
8胎,男,30～34歲,0,澎湖縣
8胎,男,35～39歲,0,澎湖縣
8胎,男,40～44歲,0,澎湖縣
8胎,男,45～49歲,0,澎湖縣
8胎,男,50歲以上,0,澎湖縣
8胎,男,未滿15歲,0,澎湖縣
9胎以上,女,15～19歲,0,澎湖縣
9胎以上,女,20～24歲,0,澎湖縣
9胎以上,女,25～29歲,0,澎湖縣
9胎以上,女,30～34歲,0,澎湖縣
9胎以上,女,35～39歲,1,澎湖縣
9胎以上,女,40～44歲,0,澎湖縣
9胎以上,女,45～49歲,0,澎湖縣
9胎以上,女,50歲以上,0,澎湖縣
9胎以上,女,未滿15歲,0,澎湖縣
9胎以上,男,15～19歲,0,澎湖縣
9胎以上,男,20～24歲,0,澎湖縣
9胎以上,男,25～29歲,0,澎湖縣
9胎以上,男,30～34歲,0,澎湖縣
9胎以上,男,35～39歲,1,澎湖縣
9胎以上,男,40～44歲,0,澎湖縣
9胎以上,男,45～49歲,0,澎湖縣
9胎以上,男,50歲以上,0,澎湖縣
9胎以上,男,未滿15歲,0,澎湖縣
1胎,女,15～19歲,4,金門縣
1胎,女,20～24歲,21,金門縣
1胎,女,25～29歲,106,金門縣
1胎,女,30～34歲,111,金門縣
1胎,女,35～39歲,57,金門縣
1胎,女,40～44歲,5,金門縣
1胎,女,45～49歲,0,金門縣
1胎,女,50歲以上,0,金門縣
1胎,女,未滿15歲,0,金門縣
1胎,男,15～19歲,6,金門縣
1胎,男,20～24歲,34,金門縣
1胎,男,25～29歲,111,金門縣
1胎,男,30～34歲,113,金門縣
1胎,男,35～39歲,52,金門縣
1胎,男,40～44歲,8,金門縣
1胎,男,45～49歲,0,金門縣
1胎,男,50歲以上,0,金門縣
1胎,男,未滿15歲,0,金門縣
2胎,女,15～19歲,5,金門縣
2胎,女,20～24歲,10,金門縣
2胎,女,25～29歲,46,金門縣
2胎,女,30～34歲,96,金門縣
2胎,女,35～39歲,58,金門縣
2胎,女,40～44歲,6,金門縣
2胎,女,45～49歲,1,金門縣
2胎,女,50歲以上,0,金門縣
2胎,女,未滿15歲,0,金門縣
2胎,男,15～19歲,2,金門縣
2胎,男,20～24歲,8,金門縣
2胎,男,25～29歲,59,金門縣
2胎,男,30～34歲,104,金門縣
2胎,男,35～39歲,64,金門縣
2胎,男,40～44歲,13,金門縣
2胎,男,45～49歲,0,金門縣
2胎,男,50歲以上,0,金門縣
2胎,男,未滿15歲,0,金門縣
3胎,女,15～19歲,0,金門縣
3胎,女,20～24歲,0,金門縣
3胎,女,25～29歲,10,金門縣
3胎,女,30～34歲,25,金門縣
3胎,女,35～39歲,24,金門縣
3胎,女,40～44歲,6,金門縣
3胎,女,45～49歲,0,金門縣
3胎,女,50歲以上,0,金門縣
3胎,女,未滿15歲,0,金門縣
3胎,男,15～19歲,0,金門縣
3胎,男,20～24歲,3,金門縣
3胎,男,25～29歲,10,金門縣
3胎,男,30～34歲,24,金門縣
3胎,男,35～39歲,18,金門縣
3胎,男,40～44歲,4,金門縣
3胎,男,45～49歲,0,金門縣
3胎,男,50歲以上,0,金門縣
3胎,男,未滿15歲,0,金門縣
4胎,女,15～19歲,0,金門縣
4胎,女,20～24歲,1,金門縣
4胎,女,25～29歲,2,金門縣
4胎,女,30～34歲,4,金門縣
4胎,女,35～39歲,3,金門縣
4胎,女,40～44歲,0,金門縣
4胎,女,45～49歲,0,金門縣
4胎,女,50歲以上,0,金門縣
4胎,女,未滿15歲,0,金門縣
4胎,男,15～19歲,0,金門縣
4胎,男,20～24歲,0,金門縣
4胎,男,25～29歲,0,金門縣
4胎,男,30～34歲,7,金門縣
4胎,男,35～39歲,4,金門縣
4胎,男,40～44歲,2,金門縣
4胎,男,45～49歲,0,金門縣
4胎,男,50歲以上,0,金門縣
4胎,男,未滿15歲,0,金門縣
5胎,女,15～19歲,0,金門縣
5胎,女,20～24歲,0,金門縣
5胎,女,25～29歲,0,金門縣
5胎,女,30～34歲,1,金門縣
5胎,女,35～39歲,2,金門縣
5胎,女,40～44歲,1,金門縣
5胎,女,45～49歲,0,金門縣
5胎,女,50歲以上,0,金門縣
5胎,女,未滿15歲,0,金門縣
5胎,男,15～19歲,0,金門縣
5胎,男,20～24歲,0,金門縣
5胎,男,25～29歲,0,金門縣
5胎,男,30～34歲,1,金門縣
5胎,男,35～39歲,0,金門縣
5胎,男,40～44歲,0,金門縣
5胎,男,45～49歲,0,金門縣
5胎,男,50歲以上,0,金門縣
5胎,男,未滿15歲,0,金門縣
6胎,女,15～19歲,0,金門縣
6胎,女,20～24歲,0,金門縣
6胎,女,25～29歲,0,金門縣
6胎,女,30～34歲,0,金門縣
6胎,女,35～39歲,0,金門縣
6胎,女,40～44歲,0,金門縣
6胎,女,45～49歲,0,金門縣
6胎,女,50歲以上,0,金門縣
6胎,女,未滿15歲,0,金門縣
6胎,男,15～19歲,0,金門縣
6胎,男,20～24歲,0,金門縣
6胎,男,25～29歲,0,金門縣
6胎,男,30～34歲,0,金門縣
6胎,男,35～39歲,2,金門縣
6胎,男,40～44歲,0,金門縣
6胎,男,45～49歲,0,金門縣
6胎,男,50歲以上,0,金門縣
6胎,男,未滿15歲,0,金門縣
7胎,女,15～19歲,0,金門縣
7胎,女,20～24歲,0,金門縣
7胎,女,25～29歲,0,金門縣
7胎,女,30～34歲,0,金門縣
7胎,女,35～39歲,0,金門縣
7胎,女,40～44歲,0,金門縣
7胎,女,45～49歲,0,金門縣
7胎,女,50歲以上,0,金門縣
7胎,女,未滿15歲,0,金門縣
7胎,男,15～19歲,0,金門縣
7胎,男,20～24歲,0,金門縣
7胎,男,25～29歲,0,金門縣
7胎,男,30～34歲,0,金門縣
7胎,男,35～39歲,0,金門縣
7胎,男,40～44歲,0,金門縣
7胎,男,45～49歲,0,金門縣
7胎,男,50歲以上,0,金門縣
7胎,男,未滿15歲,0,金門縣
8胎,女,15～19歲,0,金門縣
8胎,女,20～24歲,0,金門縣
8胎,女,25～29歲,0,金門縣
8胎,女,30～34歲,0,金門縣
8胎,女,35～39歲,0,金門縣
8胎,女,40～44歲,0,金門縣
8胎,女,45～49歲,0,金門縣
8胎,女,50歲以上,0,金門縣
8胎,女,未滿15歲,0,金門縣
8胎,男,15～19歲,0,金門縣
8胎,男,20～24歲,0,金門縣
8胎,男,25～29歲,0,金門縣
8胎,男,30～34歲,0,金門縣
8胎,男,35～39歲,0,金門縣
8胎,男,40～44歲,0,金門縣
8胎,男,45～49歲,0,金門縣
8胎,男,50歲以上,0,金門縣
8胎,男,未滿15歲,0,金門縣
9胎以上,女,15～19歲,0,金門縣
9胎以上,女,20～24歲,0,金門縣
9胎以上,女,25～29歲,0,金門縣
9胎以上,女,30～34歲,0,金門縣
9胎以上,女,35～39歲,0,金門縣
9胎以上,女,40～44歲,0,金門縣
9胎以上,女,45～49歲,0,金門縣
9胎以上,女,50歲以上,0,金門縣
9胎以上,女,未滿15歲,0,金門縣
9胎以上,男,15～19歲,0,金門縣
9胎以上,男,20～24歲,0,金門縣
9胎以上,男,25～29歲,0,金門縣
9胎以上,男,30～34歲,0,金門縣
9胎以上,男,35～39歲,0,金門縣
9胎以上,男,40～44歲,0,金門縣
9胎以上,男,45～49歲,0,金門縣
9胎以上,男,50歲以上,0,金門縣
9胎以上,男,未滿15歲,0,金門縣
1胎,女,15～19歲,1,連江縣
1胎,女,20～24歲,4,連江縣
1胎,女,25～29歲,8,連江縣
1胎,女,30～34歲,7,連江縣
1胎,女,35～39歲,8,連江縣
1胎,女,40～44歲,0,連江縣
1胎,女,45～49歲,0,連江縣
1胎,女,50歲以上,0,連江縣
1胎,女,未滿15歲,0,連江縣
1胎,男,15～19歲,0,連江縣
1胎,男,20～24歲,4,連江縣
1胎,男,25～29歲,7,連江縣
1胎,男,30～34歲,10,連江縣
1胎,男,35～39歲,8,連江縣
1胎,男,40～44歲,1,連江縣
1胎,男,45～49歲,0,連江縣
1胎,男,50歲以上,0,連江縣
1胎,男,未滿15歲,0,連江縣
2胎,女,15～19歲,0,連江縣
2胎,女,20～24歲,2,連江縣
2胎,女,25～29歲,7,連江縣
2胎,女,30～34歲,9,連江縣
2胎,女,35～39歲,6,連江縣
2胎,女,40～44歲,1,連江縣
2胎,女,45～49歲,0,連江縣
2胎,女,50歲以上,0,連江縣
2胎,女,未滿15歲,0,連江縣
2胎,男,15～19歲,0,連江縣
2胎,男,20～24歲,1,連江縣
2胎,男,25～29歲,12,連江縣
2胎,男,30～34歲,8,連江縣
2胎,男,35～39歲,5,連江縣
2胎,男,40～44歲,1,連江縣
2胎,男,45～49歲,0,連江縣
2胎,男,50歲以上,0,連江縣
2胎,男,未滿15歲,0,連江縣
3胎,女,15～19歲,0,連江縣
3胎,女,20～24歲,0,連江縣
3胎,女,25～29歲,1,連江縣
3胎,女,30～34歲,1,連江縣
3胎,女,35～39歲,3,連江縣
3胎,女,40～44歲,1,連江縣
3胎,女,45～49歲,0,連江縣
3胎,女,50歲以上,0,連江縣
3胎,女,未滿15歲,0,連江縣
3胎,男,15～19歲,0,連江縣
3胎,男,20～24歲,0,連江縣
3胎,男,25～29歲,1,連江縣
3胎,男,30～34歲,3,連江縣
3胎,男,35～39歲,7,連江縣
3胎,男,40～44歲,0,連江縣
3胎,男,45～49歲,0,連江縣
3胎,男,50歲以上,0,連江縣
3胎,男,未滿15歲,0,連江縣
4胎,女,15～19歲,0,連江縣
4胎,女,20～24歲,0,連江縣
4胎,女,25～29歲,0,連江縣
4胎,女,30～34歲,0,連江縣
4胎,女,35～39歲,0,連江縣
4胎,女,40～44歲,1,連江縣
4胎,女,45～49歲,0,連江縣
4胎,女,50歲以上,0,連江縣
4胎,女,未滿15歲,0,連江縣
4胎,男,15～19歲,0,連江縣
4胎,男,20～24歲,0,連江縣
4胎,男,25～29歲,0,連江縣
4胎,男,30～34歲,2,連江縣
4胎,男,35～39歲,2,連江縣
4胎,男,40～44歲,1,連江縣
4胎,男,45～49歲,0,連江縣
4胎,男,50歲以上,0,連江縣
4胎,男,未滿15歲,0,連江縣
5胎,女,15～19歲,0,連江縣
5胎,女,20～24歲,0,連江縣
5胎,女,25～29歲,0,連江縣
5胎,女,30～34歲,0,連江縣
5胎,女,35～39歲,0,連江縣
5胎,女,40～44歲,0,連江縣
5胎,女,45～49歲,0,連江縣
5胎,女,50歲以上,0,連江縣
5胎,女,未滿15歲,0,連江縣
5胎,男,15～19歲,0,連江縣
5胎,男,20～24歲,0,連江縣
5胎,男,25～29歲,0,連江縣
5胎,男,30～34歲,0,連江縣
5胎,男,35～39歲,0,連江縣
5胎,男,40～44歲,0,連江縣
5胎,男,45～49歲,0,連江縣
5胎,男,50歲以上,0,連江縣
5胎,男,未滿15歲,0,連江縣
6胎,女,15～19歲,0,連江縣
6胎,女,20～24歲,0,連江縣
6胎,女,25～29歲,0,連江縣
6胎,女,30～34歲,0,連江縣
6胎,女,35～39歲,0,連江縣
6胎,女,40～44歲,0,連江縣
6胎,女,45～49歲,0,連江縣
6胎,女,50歲以上,0,連江縣
6胎,女,未滿15歲,0,連江縣
6胎,男,15～19歲,0,連江縣
6胎,男,20～24歲,0,連江縣
6胎,男,25～29歲,0,連江縣
6胎,男,30～34歲,0,連江縣
6胎,男,35～39歲,0,連江縣
6胎,男,40～44歲,0,連江縣
6胎,男,45～49歲,0,連江縣
6胎,男,50歲以上,0,連江縣
6胎,男,未滿15歲,0,連江縣
7胎,女,15～19歲,0,連江縣
7胎,女,20～24歲,0,連江縣
7胎,女,25～29歲,0,連江縣
7胎,女,30～34歲,0,連江縣
7胎,女,35～39歲,0,連江縣
7胎,女,40～44歲,0,連江縣
7胎,女,45～49歲,0,連江縣
7胎,女,50歲以上,0,連江縣
7胎,女,未滿15歲,0,連江縣
7胎,男,15～19歲,0,連江縣
7胎,男,20～24歲,0,連江縣
7胎,男,25～29歲,0,連江縣
7胎,男,30～34歲,0,連江縣
7胎,男,35～39歲,0,連江縣
7胎,男,40～44歲,0,連江縣
7胎,男,45～49歲,0,連江縣
7胎,男,50歲以上,0,連江縣
7胎,男,未滿15歲,0,連江縣
8胎,女,15～19歲,0,連江縣
8胎,女,20～24歲,0,連江縣
8胎,女,25～29歲,0,連江縣
8胎,女,30～34歲,0,連江縣
8胎,女,35～39歲,0,連江縣
8胎,女,40～44歲,0,連江縣
8胎,女,45～49歲,0,連江縣
8胎,女,50歲以上,0,連江縣
8胎,女,未滿15歲,0,連江縣
8胎,男,15～19歲,0,連江縣
8胎,男,20～24歲,0,連江縣
8胎,男,25～29歲,0,連江縣
8胎,男,30～34歲,0,連江縣
8胎,男,35～39歲,0,連江縣
8胎,男,40～44歲,0,連江縣
8胎,男,45～49歲,0,連江縣
8胎,男,50歲以上,0,連江縣
8胎,男,未滿15歲,0,連江縣
9胎以上,女,15～19歲,0,連江縣
9胎以上,女,20～24歲,0,連江縣
9胎以上,女,25～29歲,0,連江縣
9胎以上,女,30～34歲,0,連江縣
9胎以上,女,35～39歲,0,連江縣
9胎以上,女,40～44歲,0,連江縣
9胎以上,女,45～49歲,0,連江縣
9胎以上,女,50歲以上,0,連江縣
9胎以上,女,未滿15歲,0,連江縣
9胎以上,男,15～19歲,0,連江縣
9胎以上,男,20～24歲,0,連江縣
9胎以上,男,25～29歲,0,連江縣
9胎以上,男,30～34歲,0,連江縣
9胎以上,男,35～39歲,0,連江縣
9胎以上,男,40～44歲,0,連江縣
9胎以上,男,45～49歲,0,連江縣
9胎以上,男,50歲以上,0,連江縣
9胎以上,男,未滿15歲,0,連江縣
